Frame,Landmark Index,X,Y,Z
0,0,0.6390094757080078,0.5485511422157288,-8.515267069242327e-08
0,1,0.5878556966781616,0.5331450700759888,-0.02815769426524639
0,2,0.5338414907455444,0.4719196856021881,-0.04692034050822258
0,3,0.48676377534866333,0.4234076738357544,-0.06616543978452682
0,4,0.4434778690338135,0.3999100923538208,-0.08412281423807144
0,5,0.5750206112861633,0.3604593575000763,-0.021777674555778503
0,6,0.571946382522583,0.2771643400192261,-0.05185406282544136
0,7,0.5694650411605835,0.22236940264701843,-0.06366089731454849
0,8,0.5711607933044434,0.17407284677028656,-0.06923873722553253
0,9,0.6107351183891296,0.3692115247249603,-0.022346090525388718
0,10,0.6041558384895325,0.3347683250904083,-0.05825675651431084
0,11,0.599484920501709,0.4179893732070923,-0.051505427807569504
0,12,0.6012569665908813,0.4254423975944519,-0.036069877445697784
0,13,0.6482072472572327,0.3819504380226135,-0.02893904410302639
0,14,0.6446518301963806,0.3533279299736023,-0.06998758763074875
0,15,0.6352447867393494,0.42772477865219116,-0.05057400465011597
0,16,0.6339974403381348,0.43064579367637634,-0.026102721691131592
0,17,0.685316801071167,0.3970770537853241,-0.03770267963409424
0,18,0.6812151670455933,0.3659937083721161,-0.059271614998579025
0,19,0.6694701313972473,0.4217262864112854,-0.041676901280879974
0,20,0.6685221791267395,0.4350337088108063,-0.02250838093459606
1,0,0.6389751434326172,0.5531851649284363,-1.4704879447435815e-07
1,1,0.5862299799919128,0.5349224209785461,-0.024716492742300034
1,2,0.5312984585762024,0.47041693329811096,-0.04168945550918579
1,3,0.4847497045993805,0.4219721555709839,-0.06004166603088379
1,4,0.44229334592819214,0.39854124188423157,-0.07756267488002777
1,5,0.5737473368644714,0.3586428165435791,-0.01944699138402939
1,6,0.5704237818717957,0.27547919750213623,-0.04825393110513687
1,7,0.5680093169212341,0.2219012826681137,-0.05973898991942406
1,8,0.5698447823524475,0.17249155044555664,-0.06594078242778778
1,9,0.6101820468902588,0.3660781681537628,-0.02196778729557991
1,10,0.6012794375419617,0.33375975489616394,-0.05814749374985695
1,11,0.5976284742355347,0.41624704003334045,-0.05232430249452591
1,12,0.6013057231903076,0.42557433247566223,-0.03822741284966469
1,13,0.6485805511474609,0.37895217537879944,-0.030094627290964127
1,14,0.6408591270446777,0.35294145345687866,-0.0698714628815651
1,15,0.6322330236434937,0.4281994700431824,-0.04999903589487076
1,16,0.6332213282585144,0.432818204164505,-0.026159729808568954
1,17,0.6860019564628601,0.39503249526023865,-0.04039410874247551
1,18,0.6788339614868164,0.3655543327331543,-0.06083002686500549
1,19,0.6662454009056091,0.4217590093612671,-0.043485887348651886
1,20,0.666806161403656,0.4352254569530487,-0.025294998660683632
2,0,0.6330549716949463,0.5567727088928223,-1.35239687892863e-07
2,1,0.5803801417350769,0.5363983511924744,-0.02459491230547428
2,2,0.5232599973678589,0.47001099586486816,-0.04191802814602852
2,3,0.47613272070884705,0.4194439649581909,-0.06089300289750099
2,4,0.4321090579032898,0.39420682191848755,-0.07864001393318176
2,5,0.5669028759002686,0.35637277364730835,-0.018359273672103882
2,6,0.5626007318496704,0.2713434100151062,-0.04802149161696434
2,7,0.5603906512260437,0.21609051525592804,-0.05957416817545891
2,8,0.5617508292198181,0.16615167260169983,-0.06546773761510849
2,9,0.6040560007095337,0.36412960290908813,-0.02159266173839569
2,10,0.5930710434913635,0.328980416059494,-0.05872644484043121
2,11,0.5891563296318054,0.4155198931694031,-0.0522671677172184
2,12,0.5936254858970642,0.42446815967559814,-0.03700755909085274
2,13,0.643002450466156,0.37644830346107483,-0.030669158324599266
2,14,0.6343851089477539,0.3475187122821808,-0.07206366956233978
2,15,0.6259153485298157,0.4257633686065674,-0.05122002586722374
2,16,0.6281569600105286,0.4300750494003296,-0.025881558656692505
2,17,0.6808706521987915,0.3917725384235382,-0.04190273582935333
2,18,0.6733803153038025,0.36077556014060974,-0.06359481066465378
2,19,0.6611417531967163,0.41858071088790894,-0.045432135462760925
2,20,0.6628881692886353,0.431861937046051,-0.02596605382859707
3,0,0.6321303844451904,0.5591756105422974,-1.653451420224883e-07
3,1,0.5783573985099792,0.5361486673355103,-0.023669688031077385
3,2,0.5216504335403442,0.46877574920654297,-0.0403212308883667
3,3,0.4733722507953644,0.41965481638908386,-0.058823566883802414
3,4,0.4287799596786499,0.3963530659675598,-0.07620812207460403
3,5,0.5646500587463379,0.3548339605331421,-0.017132975161075592
3,6,0.5606576204299927,0.2701317071914673,-0.04643139988183975
3,7,0.5586017966270447,0.2157798707485199,-0.0578610897064209
3,8,0.5603006482124329,0.16560134291648865,-0.06368732452392578
3,9,0.601700484752655,0.3635402321815491,-0.020496945828199387
3,10,0.5920112729072571,0.3300395905971527,-0.0576617531478405
3,11,0.5877728462219238,0.4159166216850281,-0.05187942460179329
3,12,0.5913029313087463,0.42495179176330566,-0.03720579296350479
3,13,0.6408721804618835,0.3765466809272766,-0.029575489461421967
3,14,0.6330162286758423,0.34939730167388916,-0.07038085907697678
3,15,0.6241067051887512,0.42814016342163086,-0.05002287030220032
3,16,0.6256710290908813,0.432376503944397,-0.025213463231921196
3,17,0.6787073016166687,0.39236322045326233,-0.040744878351688385
3,18,0.6718835830688477,0.3611823320388794,-0.061013076454401016
3,19,0.6592693328857422,0.41944998502731323,-0.04267087206244469
3,20,0.660851776599884,0.4328661561012268,-0.023400962352752686
4,0,0.6302590370178223,0.5601084232330322,-1.7723669998304104e-07
4,1,0.5762332081794739,0.5363677144050598,-0.02336883172392845
4,2,0.5188452005386353,0.4689185321331024,-0.0392884761095047
4,3,0.47104907035827637,0.4194921851158142,-0.056983303278684616
4,4,0.42771095037460327,0.3965473771095276,-0.0734584853053093
4,5,0.56248939037323,0.35488274693489075,-0.016134418547153473
4,6,0.5587743520736694,0.2704739272594452,-0.044548943638801575
4,7,0.5573484301567078,0.2180403769016266,-0.05530620738863945
4,8,0.5594125986099243,0.16864818334579468,-0.0607651025056839
4,9,0.5995487570762634,0.3632524609565735,-0.019483452662825584
4,10,0.5899213552474976,0.3291533589363098,-0.05580906197428703
4,11,0.5856370329856873,0.4147690534591675,-0.04964837059378624
4,12,0.58912193775177,0.4230106472969055,-0.03494466096162796
4,13,0.6384320259094238,0.3758370876312256,-0.02858777716755867
4,14,0.6311390399932861,0.34872549772262573,-0.06908722966909409
4,15,0.6222095489501953,0.4279945194721222,-0.04880246892571449
4,16,0.623712956905365,0.4317661225795746,-0.024202199652791023
4,17,0.6760845184326172,0.39120569825172424,-0.03975022956728935
4,18,0.6696392297744751,0.36088499426841736,-0.060057613998651505
4,19,0.6570688486099243,0.419950008392334,-0.04196825996041298
4,20,0.6584653258323669,0.433375746011734,-0.022987883538007736
5,0,0.6236174702644348,0.5601422190666199,-1.903758573007508e-07
5,1,0.570724606513977,0.5349911451339722,-0.022432517260313034
5,2,0.5138483047485352,0.4691055417060852,-0.037356335669755936
5,3,0.4671773314476013,0.41997212171554565,-0.05418604984879494
5,4,0.4242161810398102,0.3946405053138733,-0.06943097710609436
5,5,0.5581385493278503,0.3572176992893219,-0.014904257841408253
5,6,0.5535712838172913,0.2738339304924011,-0.0443892665207386
5,7,0.5522173643112183,0.22236116230487823,-0.055978089570999146
5,8,0.5537276268005371,0.17297379672527313,-0.061723314225673676
5,9,0.5949815511703491,0.36585527658462524,-0.018744420260190964
5,10,0.5815649628639221,0.33238813281059265,-0.05489020422101021
5,11,0.578352689743042,0.4181758761405945,-0.04844781756401062
5,12,0.5844754576683044,0.423872709274292,-0.03365902230143547
5,13,0.6334347128868103,0.37840157747268677,-0.028540411964058876
5,14,0.6237472295761108,0.3498637080192566,-0.06910229474306107
5,15,0.615098774433136,0.4291824996471405,-0.04861035197973251
5,16,0.6186060905456543,0.4300537109375,-0.023811817169189453
5,17,0.6711935997009277,0.3935641050338745,-0.04041410982608795
5,18,0.6637378931045532,0.36365094780921936,-0.06035029515624046
5,19,0.6513658165931702,0.42162322998046875,-0.04188671335577965
5,20,0.6543431282043457,0.4328928291797638,-0.022651027888059616
6,0,0.6229547262191772,0.5596947073936462,-1.9412155438658374e-07
6,1,0.5693758130073547,0.5352709293365479,-0.021204853430390358
6,2,0.5123912692070007,0.46722212433815,-0.035689231008291245
6,3,0.46617451310157776,0.41941195726394653,-0.05223970487713814
6,4,0.42349112033843994,0.3977096676826477,-0.0679449811577797
6,5,0.5584719181060791,0.3568349778652191,-0.01479620486497879
6,6,0.5546976923942566,0.27404311299324036,-0.042073529213666916
6,7,0.5527899265289307,0.22269207239151,-0.05283793434500694
6,8,0.5540516972541809,0.17487776279449463,-0.05864661559462547
6,9,0.5951638221740723,0.3650660812854767,-0.018949588760733604
6,10,0.5835720896720886,0.33283087611198425,-0.054755862802267075
6,11,0.5794069170951843,0.4161568284034729,-0.049844495952129364
6,12,0.5841988921165466,0.4259319603443146,-0.036341242492198944
6,13,0.6336357593536377,0.3778648376464844,-0.028424376621842384
6,14,0.6233636140823364,0.3509541153907776,-0.06803097575902939
6,15,0.6153203845024109,0.4279841184616089,-0.04865911975502968
6,16,0.6186448335647583,0.4326239228248596,-0.0249957162886858
6,17,0.6712513566017151,0.3938151001930237,-0.03972563147544861
6,18,0.6622104048728943,0.36151933670043945,-0.05938206613063812
6,19,0.6503488421440125,0.4189857542514801,-0.04134618863463402
6,20,0.6533758640289307,0.43272674083709717,-0.022644182667136192
7,0,0.6239062547683716,0.5610239505767822,-1.891570633461015e-07
7,1,0.5710479617118835,0.5365269184112549,-0.021447062492370605
7,2,0.5140532851219177,0.46908870339393616,-0.03662785142660141
7,3,0.4677627384662628,0.42110469937324524,-0.053894247859716415
7,4,0.4250737726688385,0.3992380201816559,-0.07047383487224579
7,5,0.5595820546150208,0.3598827123641968,-0.016158979386091232
7,6,0.5552699565887451,0.27658528089523315,-0.04340127110481262
7,7,0.552810788154602,0.22508485615253448,-0.05402867868542671
7,8,0.5535439848899841,0.17681936919689178,-0.059993330389261246
7,9,0.5957887172698975,0.36715149879455566,-0.02070152759552002
7,10,0.5832107067108154,0.3332545757293701,-0.056981854140758514
7,11,0.5803967118263245,0.41687023639678955,-0.05202310532331467
7,12,0.5868447422981262,0.42827707529067993,-0.03843691200017929
7,13,0.6339564323425293,0.37970444560050964,-0.03045106865465641
7,14,0.6221862435340881,0.35274308919906616,-0.06994668394327164
7,15,0.6155142188072205,0.4296863079071045,-0.050099071115255356
7,16,0.6203526258468628,0.4356191158294678,-0.026207195594906807
7,17,0.6713381409645081,0.39608827233314514,-0.042121775448322296
7,18,0.6604562997817993,0.364053338766098,-0.061798229813575745
7,19,0.6497140526771545,0.42075681686401367,-0.043724771589040756
7,20,0.6541972756385803,0.4345231354236603,-0.025103362277150154
8,0,0.6249037981033325,0.5618486404418945,-1.8192382356119197e-07
8,1,0.571959376335144,0.5377808809280396,-0.021286778151988983
8,2,0.5149502158164978,0.4703710675239563,-0.03669120743870735
8,3,0.46853774785995483,0.4227355718612671,-0.05429758504033089
8,4,0.42580467462539673,0.4009609520435333,-0.0711321011185646
8,5,0.5604291558265686,0.3601778745651245,-0.015883615240454674
8,6,0.5562356114387512,0.2770499289035797,-0.042867325246334076
8,7,0.5543167591094971,0.22544342279434204,-0.053346313536167145
8,8,0.5559343099594116,0.17829708755016327,-0.05932622402906418
8,9,0.5966383814811707,0.36733880639076233,-0.02063041366636753
8,10,0.5833256244659424,0.3353666365146637,-0.05650288611650467
8,11,0.5798530578613281,0.4186555743217468,-0.051549576222896576
8,12,0.5860170722007751,0.4287155270576477,-0.03826945647597313
8,13,0.6352946162223816,0.38027554750442505,-0.03059697523713112
8,14,0.62335205078125,0.35536324977874756,-0.06945478916168213
8,15,0.6160460114479065,0.4309910535812378,-0.04954875260591507
8,16,0.6209390759468079,0.4358513355255127,-0.025976350530982018
8,17,0.6730594038963318,0.39748504757881165,-0.04257015138864517
8,18,0.6620709896087646,0.3661454916000366,-0.062039777636528015
8,19,0.6501806974411011,0.4217827022075653,-0.04412763938307762
8,20,0.654217541217804,0.43522006273269653,-0.025717642158269882
9,0,0.6280185580253601,0.564038872718811,-1.8668524148779397e-07
9,1,0.5739606022834778,0.5401219129562378,-0.021549204364418983
9,2,0.5167568922042847,0.47199147939682007,-0.036284662783145905
9,3,0.4703003168106079,0.4239652454853058,-0.053088169544935226
9,4,0.4280744791030884,0.40234804153442383,-0.06910412013530731
9,5,0.5617117285728455,0.3607776165008545,-0.014755959622561932
9,6,0.5584439039230347,0.27683860063552856,-0.04060156270861626
9,7,0.5565980076789856,0.22477997839450836,-0.05032694712281227
9,8,0.5579046010971069,0.17745089530944824,-0.05592148378491402
9,9,0.5982983708381653,0.3681810200214386,-0.019110433757305145
9,10,0.5865293145179749,0.33473673462867737,-0.05481095612049103
9,11,0.5827770233154297,0.4190421402454376,-0.0499909333884716
9,12,0.5879971385002136,0.4312089681625366,-0.036579493433237076
9,13,0.6371267437934875,0.3813785910606384,-0.02867870032787323
9,14,0.6268600821495056,0.35508379340171814,-0.06752565503120422
9,15,0.6189590692520142,0.43189486861228943,-0.04819101840257645
9,16,0.6223689913749695,0.43870532512664795,-0.024817945435643196
9,17,0.6749917268753052,0.39865922927856445,-0.040216412395238876
9,18,0.6652296185493469,0.3678795397281647,-0.05990491807460785
9,19,0.6530463695526123,0.423795223236084,-0.042676061391830444
9,20,0.6557995676994324,0.43752527236938477,-0.024693330749869347
10,0,0.6393389105796814,0.570220947265625,-1.591056246752487e-07
10,1,0.5820832252502441,0.5490878820419312,-0.025665242224931717
10,2,0.5214985013008118,0.4802687466144562,-0.044147223234176636
10,3,0.47255051136016846,0.4275607466697693,-0.0643823891878128
10,4,0.42592930793762207,0.40204116702079773,-0.08356169611215591
10,5,0.5665763020515442,0.36078381538391113,-0.019547918811440468
10,6,0.5634596347808838,0.27346938848495483,-0.0505952350795269
10,7,0.5615097284317017,0.2170328050851822,-0.062106601893901825
10,8,0.5632802248001099,0.16574367880821228,-0.06762757897377014
10,9,0.6051279902458191,0.3682766854763031,-0.022634705528616905
10,10,0.594334065914154,0.33298879861831665,-0.06022105738520622
10,11,0.5898266434669495,0.4222729206085205,-0.05214131250977516
10,12,0.5933108925819397,0.43096011877059937,-0.035358674824237823
10,13,0.6465727090835571,0.3814765512943268,-0.0318925604224205
10,14,0.6374316811561584,0.3534238636493683,-0.07427699118852615
10,15,0.6297338604927063,0.43383121490478516,-0.05218132957816124
10,16,0.6318534016609192,0.43771272897720337,-0.025740668177604675
10,17,0.6871030926704407,0.39791417121887207,-0.04333451762795448
10,18,0.6790593862533569,0.36556771397590637,-0.06492556631565094
10,19,0.6669383645057678,0.42477527260780334,-0.04560994356870651
10,20,0.6688939332962036,0.4379051923751831,-0.025361228734254837
11,0,0.6394233107566833,0.5747005343437195,-1.8589588535178336e-07
11,1,0.5821587443351746,0.5507577061653137,-0.022521698847413063
11,2,0.5205594897270203,0.4775773882865906,-0.03821071237325668
11,3,0.4704284965991974,0.4259223937988281,-0.05630674213171005
11,4,0.42529651522636414,0.4002784788608551,-0.07368879020214081
11,5,0.5681678652763367,0.3587702214717865,-0.0154035659506917
11,6,0.5643439888954163,0.2695617079734802,-0.04420559108257294
11,7,0.5613921284675598,0.21254299581050873,-0.05525607615709305
11,8,0.5631121397018433,0.1608806550502777,-0.06146736070513725
11,9,0.6081950664520264,0.36629238724708557,-0.020842665806412697
11,10,0.5937644243240356,0.33045464754104614,-0.05994419381022453
11,11,0.589203953742981,0.42178356647491455,-0.05496940016746521
11,12,0.595682680606842,0.43422847986221313,-0.04026753827929497
11,13,0.6507908701896667,0.38033515214920044,-0.03198498860001564
11,14,0.6389327049255371,0.3538103997707367,-0.07436143606901169
11,15,0.6299617886543274,0.43510934710502625,-0.05358954891562462
11,16,0.6338645219802856,0.4395378530025482,-0.02819179557263851
11,17,0.6924729943275452,0.3988330662250519,-0.04517706483602524
11,18,0.681186318397522,0.36523059010505676,-0.06633659452199936
11,19,0.6673771142959595,0.42548564076423645,-0.04727361723780632
11,20,0.6702321767807007,0.4393559694290161,-0.027455922216176987
12,0,0.6435557007789612,0.5789444446563721,-1.8836347237538575e-07
12,1,0.5845350623130798,0.5539348721504211,-0.024180147796869278
12,2,0.5210995674133301,0.4803399443626404,-0.041076526045799255
12,3,0.46947768330574036,0.4284016788005829,-0.06004120782017708
12,4,0.4225303530693054,0.40322983264923096,-0.07822664827108383
12,5,0.569322943687439,0.3576052486896515,-0.017567642033100128
12,6,0.5639538764953613,0.2669943571090698,-0.046942587941884995
12,7,0.5611370205879211,0.20801915228366852,-0.0584440641105175
12,8,0.5621809959411621,0.15560327470302582,-0.06490625441074371
12,9,0.6099628210067749,0.36556392908096313,-0.02213902398943901
12,10,0.5968933701515198,0.32968538999557495,-0.061543211340904236
12,11,0.5927253365516663,0.4223483204841614,-0.05640953406691551
12,12,0.597991943359375,0.4355168342590332,-0.0414748452603817
12,13,0.6536871194839478,0.3794672191143036,-0.0324840173125267
12,14,0.642544150352478,0.35214656591415405,-0.07546902447938919
12,15,0.6342681646347046,0.4349493086338043,-0.054687559604644775
12,16,0.6378186345100403,0.439799040555954,-0.029142383486032486
12,17,0.6962981224060059,0.3974686563014984,-0.04494752734899521
12,18,0.6854375600814819,0.3624778091907501,-0.06664765626192093
12,19,0.6722521185874939,0.42434990406036377,-0.047372907400131226
12,20,0.6753864884376526,0.43890735507011414,-0.027226924896240234
13,0,0.6577185392379761,0.5888093709945679,-1.3143053934072668e-07
13,1,0.5958611965179443,0.5661877393722534,-0.029505901038646698
13,2,0.5273362994194031,0.4903639554977417,-0.05275106057524681
13,3,0.47089534997940063,0.4334377646446228,-0.07805588841438293
13,4,0.41733813285827637,0.4051632583141327,-0.10237187147140503
13,5,0.5787345170974731,0.35319674015045166,-0.026540031656622887
13,6,0.5725908279418945,0.25313180685043335,-0.06494097411632538
13,7,0.5690611004829407,0.18619129061698914,-0.0795486718416214
13,8,0.5709059238433838,0.12807974219322205,-0.0862625390291214
13,9,0.6236777901649475,0.36095619201660156,-0.030501380562782288
13,10,0.6105656027793884,0.32351943850517273,-0.07494441419839859
13,11,0.6060124039649963,0.42722204327583313,-0.06452543288469315
13,12,0.6116503477096558,0.43655791878700256,-0.04413852095603943
13,13,0.6729986667633057,0.37691307067871094,-0.041508082300424576
13,14,0.661236047744751,0.3485332131385803,-0.09014304727315903
13,15,0.6528987288475037,0.43783408403396606,-0.06270474195480347
13,16,0.6566972732543945,0.44167080521583557,-0.03099992126226425
13,17,0.7201717495918274,0.39916014671325684,-0.05506616085767746
13,18,0.7102954983711243,0.36103445291519165,-0.0798373743891716
13,19,0.6965386271476746,0.4267621636390686,-0.05568339675664902
13,20,0.6988973617553711,0.44224992394447327,-0.030694739893078804
14,0,0.6617572903633118,0.5993255376815796,-1.4712833262819913e-07
14,1,0.5980440378189087,0.5726133584976196,-0.03208563104271889
14,2,0.5294495224952698,0.49382761120796204,-0.057381771504879
14,3,0.46950408816337585,0.43555891513824463,-0.08454372733831406
14,4,0.4158778488636017,0.4021596312522888,-0.11090715229511261
14,5,0.5832928419113159,0.35294467210769653,-0.02982913888990879
14,6,0.5780178904533386,0.25000789761543274,-0.07022912055253983
14,7,0.5742233991622925,0.17876145243644714,-0.08735708147287369
14,8,0.5753101110458374,0.11787340044975281,-0.09649971127510071
14,9,0.6298434734344482,0.3619343936443329,-0.03400319069623947
14,10,0.6145281195640564,0.3234197497367859,-0.08277753740549088
14,11,0.6094409227371216,0.4275955557823181,-0.07544997334480286
14,12,0.6145753860473633,0.44059258699417114,-0.056833118200302124
14,13,0.6801116466522217,0.3800089359283447,-0.045357320457696915
14,14,0.667395830154419,0.3521323502063751,-0.09729856997728348
14,15,0.6583833694458008,0.4413111209869385,-0.07098368555307388
14,16,0.661802351474762,0.44473758339881897,-0.03949027508497238
14,17,0.7290585041046143,0.40398868918418884,-0.05956258997321129
14,18,0.718559980392456,0.36457931995391846,-0.08611759543418884
14,19,0.7030962109565735,0.43154439330101013,-0.06267784535884857
14,20,0.7052295207977295,0.4473312497138977,-0.03816753253340721
15,0,0.6691557765007019,0.6076785326004028,-1.502383781826211e-07
15,1,0.6030367016792297,0.579508364200592,-0.03316769003868103
15,2,0.532655656337738,0.4974142611026764,-0.05907796323299408
15,3,0.4709671139717102,0.4377736747264862,-0.08681189268827438
15,4,0.4158341586589813,0.40370362997055054,-0.11383911222219467
15,5,0.5877290964126587,0.35149213671684265,-0.03137108311057091
15,6,0.5835980176925659,0.2446143925189972,-0.07239200174808502
15,7,0.5803877115249634,0.17122726142406464,-0.089471235871315
15,8,0.5823917388916016,0.10861358046531677,-0.09864483773708344
15,9,0.6363920569419861,0.3606935143470764,-0.03560297563672066
15,10,0.6209373474121094,0.32146313786506653,-0.08626046776771545
15,11,0.61493980884552,0.4291103184223175,-0.07908367365598679
15,12,0.6209743022918701,0.44388851523399353,-0.060134850442409515
15,13,0.6886521577835083,0.38021713495254517,-0.0470893532037735
15,14,0.6753622889518738,0.3541629910469055,-0.10061067342758179
15,15,0.6650340557098389,0.4455885887145996,-0.07379701733589172
15,16,0.6686014533042908,0.4502485990524292,-0.04162980616092682
15,17,0.7392809391021729,0.4065004289150238,-0.0615168921649456
15,18,0.7275497913360596,0.3673418164253235,-0.08889307081699371
15,19,0.7104564905166626,0.43602973222732544,-0.06496892869472504
15,20,0.7118702530860901,0.4530492126941681,-0.03990216180682182
16,0,0.6791559457778931,0.6185961365699768,-1.6856597540026996e-07
16,1,0.6101053357124329,0.5896204113960266,-0.03397415205836296
16,2,0.5370222926139832,0.503855288028717,-0.0602402500808239
16,3,0.47163084149360657,0.4422670602798462,-0.0881221815943718
16,4,0.4142231345176697,0.40614569187164307,-0.11534717679023743
16,5,0.5932207107543945,0.3556004762649536,-0.03335144370794296
16,6,0.5891620516777039,0.24225151538848877,-0.07526887208223343
16,7,0.5864014625549316,0.16600915789604187,-0.09368745982646942
16,8,0.5882623791694641,0.10005122423171997,-0.1041874811053276
16,9,0.6431899070739746,0.3648284375667572,-0.03762935474514961
16,10,0.62803053855896,0.32480373978614807,-0.08989188820123672
16,11,0.6225869059562683,0.43426960706710815,-0.08408651500940323
16,12,0.6278591156005859,0.45167624950408936,-0.06621064990758896
16,13,0.6968365907669067,0.3851436972618103,-0.049012016505002975
16,14,0.6839611530303955,0.3568328022956848,-0.10336802154779434
16,15,0.6745997071266174,0.45118823647499084,-0.07639184594154358
16,16,0.6780242919921875,0.45691025257110596,-0.044241853058338165
16,17,0.7488888502120972,0.41227930784225464,-0.06337571889162064
16,18,0.7371292114257812,0.37152013182640076,-0.09112004190683365
16,19,0.7207903861999512,0.4429939091205597,-0.06659761816263199
16,20,0.7225463390350342,0.46021193265914917,-0.04117061570286751
17,0,0.7076947689056396,0.6556795835494995,-1.1654532983129684e-07
17,1,0.6339054703712463,0.6283144950866699,-0.04387190565466881
17,2,0.5532955527305603,0.5364279747009277,-0.075809545814991
17,3,0.4804414212703705,0.4641419053077698,-0.10847992449998856
17,4,0.41464531421661377,0.42356279492378235,-0.13874879479408264
17,5,0.6089909076690674,0.36786386370658875,-0.039848700165748596
17,6,0.6069915890693665,0.24088062345981598,-0.09097415208816528
17,7,0.6058247685432434,0.15516209602355957,-0.11191023886203766
17,8,0.6099486947059631,0.07979774475097656,-0.12190316617488861
17,9,0.6647051572799683,0.37867075204849243,-0.04100830480456352
17,10,0.6577285528182983,0.33509212732315063,-0.1002538874745369
17,11,0.6486812233924866,0.45828282833099365,-0.0913279727101326
17,12,0.6492187976837158,0.46385982632637024,-0.06850538402795792
17,13,0.7239332795143127,0.4004545509815216,-0.05110882967710495
17,14,0.719943642616272,0.36580604314804077,-0.11620589345693588
17,15,0.7064170241355896,0.4710458815097809,-0.08574216812849045
17,16,0.7045555710792542,0.47175636887550354,-0.04765775054693222
17,17,0.7795952558517456,0.4300433397293091,-0.06467324495315552
17,18,0.7772353291511536,0.38541093468666077,-0.1004573404788971
17,19,0.7601170539855957,0.4634956419467926,-0.07383166253566742
17,20,0.756904661655426,0.4807549715042114,-0.043838221579790115
18,0,0.7106307744979858,0.667580246925354,-1.3785154351353412e-07
18,1,0.6329030394554138,0.632770299911499,-0.042310260236263275
18,2,0.5511189103126526,0.5356669425964355,-0.07279954105615616
18,3,0.4761931896209717,0.4666082561016083,-0.1047981008887291
18,4,0.41128718852996826,0.42419737577438354,-0.13539984822273254
18,5,0.6117972135543823,0.36368387937545776,-0.03716043382883072
18,6,0.6112746596336365,0.23495228588581085,-0.08433110266923904
18,7,0.610076367855072,0.14731338620185852,-0.10381541401147842
18,8,0.614584743976593,0.07267969846725464,-0.11410423368215561
18,9,0.6682389378547668,0.37765124440193176,-0.04008335992693901
18,10,0.6601131558418274,0.3325656056404114,-0.09974344819784164
18,11,0.6513287425041199,0.45776304602622986,-0.09236227720975876
18,12,0.6519115567207336,0.4732710123062134,-0.07082179188728333
18,13,0.7284340858459473,0.4023075997829437,-0.05175309628248215
18,14,0.7246454358100891,0.3701505959033966,-0.11633769422769547
18,15,0.7094305753707886,0.47976255416870117,-0.08711620420217514
18,16,0.7062561511993408,0.48482462763786316,-0.05037951469421387
18,17,0.7859136462211609,0.4333898425102234,-0.06693628430366516
18,18,0.7816132307052612,0.3898218274116516,-0.10083583742380142
18,19,0.761394739151001,0.47223567962646484,-0.07453782856464386
18,20,0.7580243945121765,0.4912061393260956,-0.04598533362150192
19,0,0.7144002318382263,0.6804293394088745,-1.5361446514816635e-07
19,1,0.6354179978370667,0.6416715383529663,-0.04572019726037979
19,2,0.5528370141983032,0.541368842124939,-0.07773911952972412
19,3,0.47666308283805847,0.467800110578537,-0.1109001636505127
19,4,0.4099987745285034,0.42346951365470886,-0.1424626260995865
19,5,0.6132814288139343,0.36497634649276733,-0.03870316594839096
19,6,0.6143572330474854,0.23396918177604675,-0.08626872301101685
19,7,0.613906979560852,0.14537149667739868,-0.105738066136837
19,8,0.6186448335647583,0.06921461224555969,-0.11623341590166092
19,9,0.6704957485198975,0.38079628348350525,-0.04051172360777855
19,10,0.6654704809188843,0.33355170488357544,-0.10221526026725769
19,11,0.6556963920593262,0.45930933952331543,-0.09609775990247726
19,12,0.6537750959396362,0.4762588143348694,-0.0750170350074768
19,13,0.7315665483474731,0.40708044171333313,-0.05138273164629936
19,14,0.7304011583328247,0.3739824593067169,-0.11782348155975342
19,15,0.7142843008041382,0.48481088876724243,-0.089535653591156
19,16,0.709027886390686,0.49099448323249817,-0.053012311458587646
19,17,0.7899729609489441,0.4394233822822571,-0.06608207523822784
19,18,0.7878355979919434,0.39362403750419617,-0.10191843658685684
19,19,0.7666440606117249,0.47736668586730957,-0.07700637727975845
19,20,0.761532187461853,0.497612863779068,-0.049065962433815
20,0,0.7233858108520508,0.7177197337150574,-1.22938828894803e-07
20,1,0.6420984864234924,0.6829077005386353,-0.053366921842098236
20,2,0.5554196238517761,0.5807170867919922,-0.09132395684719086
20,3,0.4749072790145874,0.49724075198173523,-0.12938855588436127
20,4,0.4026605486869812,0.44808459281921387,-0.16507397592067719
20,5,0.6153720617294312,0.3908751904964447,-0.050060030072927475
20,6,0.6160106658935547,0.24745197594165802,-0.1059260442852974
20,7,0.6172503232955933,0.15129384398460388,-0.12834589183330536
20,8,0.6233440041542053,0.06987819075584412,-0.1391819566488266
20,9,0.6778071522712708,0.4039786159992218,-0.050067104399204254
20,10,0.678123414516449,0.3549742102622986,-0.11919751018285751
20,11,0.6690012812614441,0.49163591861724854,-0.11107367277145386
20,12,0.6637062430381775,0.5045861005783081,-0.08626239001750946
20,13,0.7433468103408813,0.42954254150390625,-0.05995414778590202
20,14,0.748857855796814,0.3966327905654907,-0.13515426218509674
20,15,0.7322699427604675,0.5150815844535828,-0.1037805825471878
20,16,0.7231279015541077,0.519611120223999,-0.062412794679403305
20,17,0.8040714263916016,0.4624010920524597,-0.07390414923429489
20,18,0.8077527284622192,0.42254728078842163,-0.1151202991604805
20,19,0.7891966104507446,0.5100260376930237,-0.0878937840461731
20,20,0.7830008268356323,0.5268954038619995,-0.05611354857683182
21,0,0.7300243377685547,0.7348706722259521,-1.5677439080263866e-07
21,1,0.6450207829475403,0.6973249912261963,-0.05299343913793564
21,2,0.5553118586540222,0.5923764109611511,-0.09114575386047363
21,3,0.47400975227355957,0.5068355798721313,-0.13004857301712036
21,4,0.39968425035476685,0.45765697956085205,-0.16709302365779877
21,5,0.621630072593689,0.3953537940979004,-0.04996189475059509
21,6,0.622057318687439,0.24924100935459137,-0.10633325576782227
21,7,0.623867928981781,0.1506323218345642,-0.1288510113954544
21,8,0.6300379633903503,0.06630989909172058,-0.1396842747926712
21,9,0.684303879737854,0.41287240386009216,-0.05085063353180885
21,10,0.6808599233627319,0.362904816865921,-0.1208966001868248
21,11,0.6705327033996582,0.5027815699577332,-0.1127219870686531
21,12,0.6653177738189697,0.5167505741119385,-0.08792420476675034
21,13,0.7507014274597168,0.4413769543170929,-0.061755646020174026
21,14,0.7520261406898499,0.4046151638031006,-0.14041045308113098
21,15,0.7340967655181885,0.5296103954315186,-0.1090526431798935
21,16,0.724567711353302,0.5349986553192139,-0.06705639511346817
21,17,0.8136985898017883,0.4749796986579895,-0.07643435150384903
21,18,0.8142330646514893,0.4263607859611511,-0.11962857842445374
21,19,0.7933775782585144,0.5186642408370972,-0.09131026268005371
21,20,0.7867638468742371,0.5391252040863037,-0.058668673038482666
22,0,0.7338595390319824,0.7479540109634399,-1.7287953824052238e-07
22,1,0.6477158069610596,0.7093582153320312,-0.054947629570961
22,2,0.5575870275497437,0.6008197665214539,-0.09380389004945755
22,3,0.47610145807266235,0.5143416523933411,-0.13308103382587433
22,4,0.4013032913208008,0.4623698592185974,-0.17073297500610352
22,5,0.627209484577179,0.4014219045639038,-0.05298718437552452
22,6,0.6277645826339722,0.251933753490448,-0.10858453065156937
22,7,0.630174994468689,0.15320813655853271,-0.13123719394207
22,8,0.6368511915206909,0.06769418716430664,-0.14299312233924866
22,9,0.6919857859611511,0.41922956705093384,-0.053633060306310654
22,10,0.6889984607696533,0.3691425323486328,-0.12500028312206268
22,11,0.677860677242279,0.5093490481376648,-0.1185358315706253
22,12,0.6725355386734009,0.5257365107536316,-0.09534572809934616
22,13,0.7594081163406372,0.4493158161640167,-0.06413991004228592
22,14,0.7605759501457214,0.41288071870803833,-0.14396831393241882
22,15,0.7419922351837158,0.5389649271965027,-0.11314618587493896
22,16,0.7323129177093506,0.5458037257194519,-0.07175377011299133
22,17,0.8231011629104614,0.484627902507782,-0.07852284610271454
22,18,0.8238336443901062,0.43242916464805603,-0.12306386232376099
22,19,0.8024445176124573,0.5264858603477478,-0.09491415321826935
22,20,0.7952197790145874,0.548743724822998,-0.06255395710468292
23,0,0.7397233843803406,0.7617626190185547,-1.522947599141844e-07
23,1,0.6520834565162659,0.7191709280014038,-0.05656769126653671
23,2,0.5608739256858826,0.6120087504386902,-0.09755850583314896
23,3,0.47715771198272705,0.5265074968338013,-0.1390557736158371
23,4,0.40233469009399414,0.47188279032707214,-0.17844201624393463
23,5,0.6310594081878662,0.4080350399017334,-0.054893627762794495
23,6,0.6319155693054199,0.25496384501457214,-0.1135830283164978
23,7,0.6356623768806458,0.15329954028129578,-0.13739652931690216
23,8,0.6429797410964966,0.06574004888534546,-0.14905233681201935
23,9,0.6964306831359863,0.42783021926879883,-0.05494355782866478
23,10,0.6958902478218079,0.37512582540512085,-0.12804988026618958
23,11,0.6840054988861084,0.5187681317329407,-0.12034409493207932
23,12,0.6762332320213318,0.5353217124938965,-0.0953669473528862
23,13,0.7652095556259155,0.4588160812854767,-0.06532754004001617
23,14,0.768474280834198,0.4208104908466339,-0.1476961374282837
23,15,0.74916672706604,0.5504760146141052,-0.11622141301631927
23,16,0.7371311783790588,0.5575675964355469,-0.07324285805225372
23,17,0.8303585052490234,0.494011789560318,-0.07959690690040588
23,18,0.8336511850357056,0.44027671217918396,-0.12511761486530304
23,19,0.8111546635627747,0.536346435546875,-0.09621615707874298
23,20,0.8018299341201782,0.559598982334137,-0.06267942488193512
24,0,0.7495225667953491,0.7793532609939575,-1.4397787140296714e-07
24,1,0.6568849086761475,0.7369778156280518,-0.06097276136279106
24,2,0.5617389678955078,0.6277834177017212,-0.1048286110162735
24,3,0.4739351272583008,0.536939799785614,-0.1487812101840973
24,4,0.3940177261829376,0.4782711863517761,-0.18983015418052673
24,5,0.6331726908683777,0.4144834876060486,-0.057052675634622574
24,6,0.6355124711990356,0.2576265335083008,-0.11992749571800232
24,7,0.6398436427116394,0.15161213278770447,-0.14442919194698334
24,8,0.6477299332618713,0.060036808252334595,-0.15522275865077972
24,9,0.7005389332771301,0.4340282082557678,-0.055266477167606354
24,10,0.7006961703300476,0.37877753376960754,-0.12950874865055084
24,11,0.6884142756462097,0.5285221338272095,-0.11780965328216553
24,12,0.6794801354408264,0.5407080054283142,-0.0889500305056572
24,13,0.7716536521911621,0.4645065367221832,-0.0650419220328331
24,14,0.7759122252464294,0.42466726899147034,-0.15105003118515015
24,15,0.7562329769134521,0.5599440336227417,-0.1174422949552536
24,16,0.7425775527954102,0.5634720325469971,-0.07164260745048523
24,17,0.8395707607269287,0.49839553236961365,-0.0789262056350708
24,18,0.8437134623527527,0.4447033703327179,-0.12652428448200226
24,19,0.8203184604644775,0.544823944568634,-0.09645087271928787
24,20,0.8088634014129639,0.5681077241897583,-0.061215952038764954
25,0,0.7485564947128296,0.778161883354187,-1.7036978761097998e-07
25,1,0.657753586769104,0.734615683555603,-0.05879560112953186
25,2,0.5627998113632202,0.6254464387893677,-0.10119787603616714
25,3,0.4748331308364868,0.5390335321426392,-0.14390774071216583
25,4,0.3955548405647278,0.48257413506507874,-0.18432287871837616
25,5,0.6334109306335449,0.41388028860092163,-0.05844172462821007
25,6,0.6363496780395508,0.2561017870903015,-0.11941312998533249
25,7,0.6396983861923218,0.1516898274421692,-0.14439721405506134
25,8,0.6466758251190186,0.05980446934700012,-0.1569170504808426
25,9,0.7012841701507568,0.4333677887916565,-0.05820445716381073
25,10,0.7027948498725891,0.3796924352645874,-0.134348526597023
25,11,0.6892474889755249,0.5277029871940613,-0.12710364162921906
25,12,0.6802835464477539,0.5443263649940491,-0.10244481265544891
25,13,0.7721482515335083,0.46517622470855713,-0.06854072213172913
25,14,0.7788905501365662,0.4261668622493744,-0.15580801665782928
25,15,0.7568629384040833,0.5602197647094727,-0.12519891560077667
25,16,0.7421927452087402,0.5657429695129395,-0.08228331804275513
25,17,0.8402135372161865,0.5010466575622559,-0.08259250223636627
25,18,0.8469871282577515,0.4448463022708893,-0.13186350464820862
25,19,0.8214895725250244,0.5458247661590576,-0.10311035066843033
25,20,0.8081261515617371,0.5719935297966003,-0.06944750249385834
26,0,0.7481927275657654,0.7778186798095703,-1.600221963826698e-07
26,1,0.6582528352737427,0.7338228225708008,-0.06013697013258934
26,2,0.5630766153335571,0.6231273412704468,-0.10307397693395615
26,3,0.4742841124534607,0.5364124178886414,-0.14613674581050873
26,4,0.39451587200164795,0.47963929176330566,-0.18679313361644745
26,5,0.6334372758865356,0.41161149740219116,-0.058939527720212936
26,6,0.6351105570793152,0.25419947504997253,-0.11997606605291367
26,7,0.6381493210792542,0.14976084232330322,-0.14471778273582458
26,8,0.6449065804481506,0.05695980787277222,-0.15721912682056427
26,9,0.7011306881904602,0.43143391609191895,-0.05820678547024727
26,10,0.7037027478218079,0.3746545910835266,-0.13442349433898926
26,11,0.6906429529190063,0.5233794450759888,-0.12705914676189423
26,12,0.6809626817703247,0.5376811623573303,-0.10225016623735428
26,13,0.7724972367286682,0.46283912658691406,-0.06816063076257706
26,14,0.7801339626312256,0.4209939241409302,-0.15466538071632385
26,15,0.7580233812332153,0.5551767349243164,-0.12317226827144623
26,16,0.7425937056541443,0.5594193935394287,-0.07994668185710907
26,17,0.840316116809845,0.49887919425964355,-0.08217311650514603
26,18,0.8480829000473022,0.4409288167953491,-0.1311352252960205
26,19,0.8220773935317993,0.5425580739974976,-0.10225584357976913
26,20,0.8079742193222046,0.5694079399108887,-0.06861233711242676
27,0,0.7213883996009827,0.7407813668251038,-2.0696641911399638e-07
27,1,0.6422001123428345,0.693750262260437,-0.043242454528808594
27,2,0.5565993189811707,0.5872114896774292,-0.07725454866886139
27,3,0.47620415687561035,0.5122057199478149,-0.1139647588133812
27,4,0.4021915793418884,0.4719645380973816,-0.14956632256507874
27,5,0.6248601675033569,0.40098732709884644,-0.049102749675512314
27,6,0.6258276700973511,0.2481495440006256,-0.10283639281988144
27,7,0.6288831233978271,0.1540636420249939,-0.1275482028722763
27,8,0.6362648606300354,0.07052803039550781,-0.14252017438411713
27,9,0.6883362531661987,0.4115435481071472,-0.05465497076511383
27,10,0.6804400682449341,0.37442174553871155,-0.12624262273311615
27,11,0.6648799180984497,0.5038267374038696,-0.12442328780889511
27,12,0.6651713848114014,0.5224026441574097,-0.1072801798582077
27,13,0.7534374594688416,0.440218061208725,-0.06844707578420639
27,14,0.7470401525497437,0.41641032695770264,-0.14139051735401154
27,15,0.7236002683639526,0.529917299747467,-0.11356082558631897
27,16,0.720986008644104,0.5329357981681824,-0.07771231979131699
27,17,0.815157413482666,0.4791536033153534,-0.08586885035037994
27,18,0.8103668689727783,0.4410691559314728,-0.12350489944219589
27,19,0.78103107213974,0.5231612920761108,-0.09733565151691437
27,20,0.7748092412948608,0.5415325164794922,-0.06899198889732361
28,0,0.711476743221283,0.7268103957176208,-2.505448435385915e-07
28,1,0.6341834664344788,0.6823016405105591,-0.04014606401324272
28,2,0.5518227815628052,0.5808647871017456,-0.07164820283651352
28,3,0.475908100605011,0.5117507576942444,-0.10596541315317154
28,4,0.4093380570411682,0.4727623164653778,-0.13922061026096344
28,5,0.6169729232788086,0.40438199043273926,-0.046811286360025406
28,6,0.6157410740852356,0.2586168944835663,-0.09989467263221741
28,7,0.6190943717956543,0.16852882504463196,-0.12451760470867157
28,8,0.6257184743881226,0.08685317635536194,-0.13886606693267822
28,9,0.6763895153999329,0.41809388995170593,-0.052176546305418015
28,10,0.6691773533821106,0.38019683957099915,-0.11727820336818695
28,11,0.6589065790176392,0.5033884644508362,-0.11316466331481934
28,12,0.6588268876075745,0.5175982713699341,-0.09593961387872696
28,13,0.7388134598731995,0.44580572843551636,-0.06560055166482925
28,14,0.733280599117279,0.4164690375328064,-0.1328636109828949
28,15,0.7152702808380127,0.5263853073120117,-0.10394571721553802
28,16,0.7127400636672974,0.5311117768287659,-0.0686812698841095
28,17,0.7989252805709839,0.4820913076400757,-0.08264204859733582
28,18,0.7971208095550537,0.4360814094543457,-0.11783391237258911
28,19,0.7704356908798218,0.5173352956771851,-0.09118390828371048
28,20,0.7624325752258301,0.5399825572967529,-0.06284864991903305
29,0,0.6884893774986267,0.6868752837181091,-2.0320084104241687e-07
29,1,0.6176531910896301,0.640836238861084,-0.03290632739663124
29,2,0.5421989560127258,0.5502204298973083,-0.05787776783108711
29,3,0.4760356545448303,0.49055203795433044,-0.08613590896129608
29,4,0.41423630714416504,0.4621451199054718,-0.11367326974868774
29,5,0.6042792797088623,0.3899414837360382,-0.03290644288063049
29,6,0.602672815322876,0.2646966874599457,-0.0751841589808464
29,7,0.6039431095123291,0.1885133981704712,-0.09368918091058731
29,8,0.6076975464820862,0.11951696872711182,-0.10493026673793793
29,9,0.656920850276947,0.3985896706581116,-0.03910210728645325
29,10,0.6401196122169495,0.36735931038856506,-0.09682860225439072
29,11,0.6285089254379272,0.4779954254627228,-0.09422115236520767
29,12,0.6332155466079712,0.4943426251411438,-0.07886597514152527
29,13,0.711968719959259,0.421796590089798,-0.05249836668372154
29,14,0.6942236423492432,0.40535593032836914,-0.11220395565032959
29,15,0.6767105460166931,0.5071223378181458,-0.08904442191123962
29,16,0.6803140044212341,0.5089384913444519,-0.058887239545583725
29,17,0.7643189430236816,0.45226216316223145,-0.06878597289323807
29,18,0.7509602904319763,0.4262733459472656,-0.09695770591497421
29,19,0.7293905019760132,0.49586179852485657,-0.07457756996154785
29,20,0.7325936555862427,0.5052320957183838,-0.05122984200716019
30,0,0.6784725785255432,0.6661621332168579,-2.2746758077119011e-07
30,1,0.6128853559494019,0.6262027621269226,-0.03045055642724037
30,2,0.5427463054656982,0.5392286777496338,-0.05473148450255394
30,3,0.4789313077926636,0.48125308752059937,-0.08221620321273804
30,4,0.4214077591896057,0.454323947429657,-0.10896134376525879
30,5,0.6007391810417175,0.3922686278820038,-0.03266853094100952
30,6,0.6014789938926697,0.27276235818862915,-0.0755254402756691
30,7,0.6035027503967285,0.1991565227508545,-0.09454328566789627
30,8,0.6088307499885559,0.13137918710708618,-0.10575871914625168
30,9,0.6503042578697205,0.40309134125709534,-0.03927414119243622
30,10,0.6367095708847046,0.37258055806159973,-0.09404178708791733
30,11,0.6255967617034912,0.47677385807037354,-0.09025779366493225
30,12,0.6292937994003296,0.48630931973457336,-0.07493160665035248
30,13,0.7029480338096619,0.42621633410453796,-0.05268966034054756
30,14,0.6901265382766724,0.4062771797180176,-0.108867347240448
30,15,0.6740607023239136,0.4995734691619873,-0.08397785574197769
30,16,0.677192747592926,0.49822646379470825,-0.05357981100678444
30,17,0.7539395093917847,0.4561232328414917,-0.06894633173942566
30,18,0.7437800765037537,0.4240017533302307,-0.09567386656999588
30,19,0.7225891351699829,0.4912787079811096,-0.07177089154720306
30,20,0.7237710356712341,0.5038108825683594,-0.04739462956786156
31,0,0.672464907169342,0.6525447964668274,-2.098236535630349e-07
31,1,0.6105942726135254,0.6163710951805115,-0.02908385917544365
31,2,0.5435667634010315,0.5316614508628845,-0.05184261128306389
31,3,0.481903612613678,0.4763646423816681,-0.07749776542186737
31,4,0.42691367864608765,0.4509335160255432,-0.10238654166460037
31,5,0.5993519425392151,0.3915775716304779,-0.03017072007060051
31,6,0.6003113985061646,0.27792248129844666,-0.07182882726192474
31,7,0.6043140888214111,0.2065795212984085,-0.09021882712841034
31,8,0.6113230586051941,0.14197993278503418,-0.1005503311753273
31,9,0.6461103558540344,0.4028331935405731,-0.035715438425540924
31,10,0.6323566436767578,0.3741740584373474,-0.08740191906690598
31,11,0.6230054497718811,0.474830687046051,-0.0827946737408638
31,12,0.6271324753761292,0.4825834631919861,-0.06707410514354706
31,13,0.6966652274131775,0.4249114990234375,-0.04798239842057228
31,14,0.6837072968482971,0.40516796708106995,-0.10146535933017731
31,15,0.6702988147735596,0.4943886995315552,-0.07715468853712082
31,16,0.6743555068969727,0.49159207940101624,-0.04735183343291283
31,17,0.7457020878791809,0.4530159831047058,-0.06287336349487305
31,18,0.7343153953552246,0.4204573333263397,-0.08803287893533707
31,19,0.7153787016868591,0.4853383004665375,-0.06438517570495605
31,20,0.7177541851997375,0.4973762333393097,-0.04017426073551178
32,0,0.6705675721168518,0.6426160335540771,-2.012968565168194e-07
32,1,0.6100215315818787,0.6098666191101074,-0.02879474312067032
32,2,0.5443756580352783,0.5296503305435181,-0.05137712508440018
32,3,0.4828835725784302,0.4770244359970093,-0.07642608880996704
32,4,0.4290199875831604,0.45320263504981995,-0.10065002739429474
32,5,0.5951634645462036,0.39480701088905334,-0.03050217218697071
32,6,0.594558596611023,0.2853875756263733,-0.07123156636953354
32,7,0.5972540378570557,0.21647417545318604,-0.08896853029727936
32,8,0.6023978590965271,0.15394988656044006,-0.09862983226776123
32,9,0.6408244371414185,0.40380412340164185,-0.03501635789871216
32,10,0.6302187442779541,0.3772220015525818,-0.08328808844089508
32,11,0.6236931085586548,0.4742656946182251,-0.07762210816144943
32,12,0.6254028677940369,0.4803488850593567,-0.06188855692744255
32,13,0.690220832824707,0.42314592003822327,-0.04606439545750618
32,14,0.6805405616760254,0.40463051199913025,-0.09714760631322861
32,15,0.6698539853096008,0.4912641942501068,-0.07340086996555328
32,16,0.6706150770187378,0.48895061016082764,-0.04457572102546692
32,17,0.7382296323776245,0.44857025146484375,-0.0596393458545208
32,18,0.7292814254760742,0.41863518953323364,-0.08428298681974411
32,19,0.7133166790008545,0.4830041229724884,-0.06155889853835106
32,20,0.7133543491363525,0.4953814744949341,-0.038128484040498734
33,0,0.6657415628433228,0.6238904595375061,-2.2781357245094114e-07
33,1,0.6088997721672058,0.595482349395752,-0.027097951620817184
33,2,0.545796275138855,0.5232484340667725,-0.04650111123919487
33,3,0.48947227001190186,0.4753957688808441,-0.06776329129934311
33,4,0.4397627115249634,0.45323145389556885,-0.08772139251232147
33,5,0.5911545157432556,0.39740684628486633,-0.02922292985022068
33,6,0.5894313454627991,0.29429179430007935,-0.06770951300859451
33,7,0.5912225842475891,0.2322675585746765,-0.08397363871335983
33,8,0.59576016664505,0.17296874523162842,-0.09237808734178543
33,9,0.634941577911377,0.4045148491859436,-0.032939422875642776
33,10,0.6258665323257446,0.3833560049533844,-0.0768304094672203
33,11,0.6203429698944092,0.47283342480659485,-0.07054400444030762
33,12,0.6219384670257568,0.47509631514549255,-0.05581454560160637
33,13,0.6808587908744812,0.42023709416389465,-0.04299379885196686
33,14,0.671297550201416,0.4037197530269623,-0.09089570492506027
33,15,0.6619565486907959,0.4870019555091858,-0.06888148933649063
33,16,0.6631580591201782,0.48253294825553894,-0.042297523468732834
33,17,0.7254643440246582,0.4414525628089905,-0.05537252500653267
33,18,0.7159944176673889,0.41738632321357727,-0.07801783829927444
33,19,0.7032464146614075,0.47819697856903076,-0.05675847828388214
33,20,0.7055249810218811,0.48796916007995605,-0.03514488413929939
34,0,0.6621251106262207,0.5968538522720337,-2.0527357946775737e-07
34,1,0.6070349216461182,0.5736202001571655,-0.02427791617810726
34,2,0.5471543073654175,0.5111557841300964,-0.041336528956890106
34,3,0.4962642192840576,0.4681474566459656,-0.060156144201755524
34,4,0.45166271924972534,0.4494437575340271,-0.07781340926885605
34,5,0.58876633644104,0.3931956887245178,-0.025857068598270416
34,6,0.5867010951042175,0.2985699772834778,-0.05962333828210831
34,7,0.5878663659095764,0.24360838532447815,-0.07325448840856552
34,8,0.591538667678833,0.19012422859668732,-0.08022648841142654
34,9,0.6297587752342224,0.3983747959136963,-0.028983423486351967
34,10,0.6205981969833374,0.3796975910663605,-0.06937272846698761
34,11,0.6173061728477478,0.4618341326713562,-0.06344790756702423
34,12,0.6203544735908508,0.46487247943878174,-0.049803800880908966
34,13,0.6715351939201355,0.411310076713562,-0.037776585668325424
34,14,0.6625175476074219,0.39793476462364197,-0.08174194395542145
34,15,0.6544746160507202,0.47475481033325195,-0.061997994780540466
34,16,0.6551528573036194,0.4723038971424103,-0.038005176931619644
34,17,0.7116827964782715,0.4284916818141937,-0.0486113503575325
34,18,0.7044534683227539,0.4096835255622864,-0.07000122219324112
34,19,0.6931186318397522,0.46563708782196045,-0.051847364753484726
34,20,0.694037675857544,0.47442397475242615,-0.033037908375263214
35,0,0.6599621772766113,0.5880694389343262,-1.896191292871663e-07
35,1,0.6063807010650635,0.5670268535614014,-0.02631451189517975
35,2,0.547745406627655,0.5061525106430054,-0.0430750735104084
35,3,0.4973704218864441,0.4637012183666229,-0.06057974696159363
35,4,0.45346224308013916,0.4451841115951538,-0.07654014974832535
35,5,0.5872147679328918,0.3886069059371948,-0.023900292813777924
35,6,0.5861214399337769,0.3010813891887665,-0.05648304149508476
35,7,0.5873449444770813,0.24799314141273499,-0.0691428929567337
35,8,0.591492772102356,0.19648736715316772,-0.0748460665345192
35,9,0.6266778707504272,0.3947933316230774,-0.024901406839489937
35,10,0.6200100183486938,0.37403684854507446,-0.06183096393942833
35,11,0.61573326587677,0.45557188987731934,-0.05468824878334999
35,12,0.6160820126533508,0.45732390880584717,-0.04005637392401695
35,13,0.6670931577682495,0.4072718322277069,-0.031984053552150726
35,14,0.6615307331085205,0.3903452455997467,-0.0750594362616539
35,15,0.6531217694282532,0.46675243973731995,-0.05636178329586983
35,16,0.651637613773346,0.46477463841438293,-0.032612916082143784
35,17,0.7063523530960083,0.42259255051612854,-0.04099025949835777
35,18,0.7007619142532349,0.39890122413635254,-0.0629994124174118
35,19,0.6898627877235413,0.4555855989456177,-0.045581284910440445
35,20,0.6892853379249573,0.4670419991016388,-0.026712168008089066
36,0,0.6585116386413574,0.5678191184997559,-1.567881611208577e-07
36,1,0.6062309145927429,0.5493587255477905,-0.0219085905700922
36,2,0.5500503182411194,0.4920691251754761,-0.03734767064452171
36,3,0.5028836131095886,0.4533478021621704,-0.05422734096646309
36,4,0.46110326051712036,0.43947091698646545,-0.07055932283401489
36,5,0.588557243347168,0.3828360438346863,-0.021438727155327797
36,6,0.5871758460998535,0.2989928424358368,-0.047357600182294846
36,7,0.588411271572113,0.2500615119934082,-0.05758015438914299
36,8,0.592229425907135,0.2031855434179306,-0.0635685920715332
36,9,0.6257340908050537,0.3870602548122406,-0.02439197152853012
36,10,0.6205988526344299,0.3641631007194519,-0.05909418687224388
36,11,0.6170759201049805,0.439198762178421,-0.05532610043883324
36,12,0.6181548833847046,0.4473540186882019,-0.04437055438756943
36,13,0.6634229421615601,0.3989316523075104,-0.0318615585565567
36,14,0.6584804654121399,0.38336414098739624,-0.0701153427362442
36,15,0.6512588858604431,0.45324066281318665,-0.05352228879928589
36,16,0.6502034068107605,0.45558276772499084,-0.03312993422150612
36,17,0.6997212171554565,0.41373395919799805,-0.040980078279972076
36,18,0.6945745348930359,0.39193496108055115,-0.060315605252981186
36,19,0.6841497421264648,0.4441679120063782,-0.04438840225338936
36,20,0.6830765604972839,0.45490583777427673,-0.027987966313958168
37,0,0.6575257182121277,0.5662533044815063,-1.5710443790339923e-07
37,1,0.6052364706993103,0.5484656691551208,-0.021647484973073006
37,2,0.5500645041465759,0.4901694357395172,-0.03572659566998482
37,3,0.5030516386032104,0.45089852809906006,-0.05128587782382965
37,4,0.46176183223724365,0.4360916018486023,-0.06621560454368591
37,5,0.5900319218635559,0.3816867470741272,-0.017225293442606926
37,6,0.5902369022369385,0.2994357645511627,-0.04341460019350052
37,7,0.5911355018615723,0.2494029700756073,-0.05400630086660385
37,8,0.5944916009902954,0.20202264189720154,-0.05975719913840294
37,9,0.6263360977172852,0.38826805353164673,-0.019775569438934326
37,10,0.6206763982772827,0.36474961042404175,-0.05353398993611336
37,11,0.6170299649238586,0.440575510263443,-0.04952092841267586
37,12,0.6181338429450989,0.4477992057800293,-0.03802470490336418
37,13,0.663764476776123,0.4010700285434723,-0.027247553691267967
37,14,0.659600019454956,0.3800085484981537,-0.06526828557252884
37,15,0.6510233283042908,0.4511454999446869,-0.04890977591276169
37,16,0.6493614912033081,0.4539107084274292,-0.02822948805987835
37,17,0.7001036405563354,0.41660168766975403,-0.03631629794836044
37,18,0.695979118347168,0.39067137241363525,-0.05562610179185867
37,19,0.6841577887535095,0.44362252950668335,-0.039861954748630524
37,20,0.6824248433113098,0.4556540846824646,-0.023191705346107483
38,0,0.6581711173057556,0.5643420815467834,-1.4852473384507903e-07
38,1,0.6062558889389038,0.5470357537269592,-0.021542303264141083
38,2,0.5514295101165771,0.4892180562019348,-0.03590581566095352
38,3,0.5051977634429932,0.4496309757232666,-0.0518343485891819
38,4,0.4632679224014282,0.43555769324302673,-0.06703709810972214
38,5,0.5911173820495605,0.380036860704422,-0.01669030264019966
38,6,0.5917316675186157,0.298903226852417,-0.04305033013224602
38,7,0.5927532315254211,0.2489132136106491,-0.053284067660570145
38,8,0.5959959626197815,0.20146779716014862,-0.0586106963455677
38,9,0.6272377967834473,0.3872188329696655,-0.019335752353072166
38,10,0.6210007667541504,0.3632291555404663,-0.05290431156754494
38,11,0.6173298954963684,0.4395154118537903,-0.04827718064188957
38,12,0.6185479760169983,0.4457022547721863,-0.036139119416475296
38,13,0.6647729277610779,0.40008744597435,-0.027003876864910126
38,14,0.6598566174507141,0.3788605034351349,-0.06501742452383041
38,15,0.6515235304832458,0.44985806941986084,-0.048196908086538315
38,16,0.6502992510795593,0.45140060782432556,-0.027087241411209106
38,17,0.7008883953094482,0.4153822362422943,-0.03626302257180214
38,18,0.696094810962677,0.3897619843482971,-0.05542534962296486
38,19,0.6847450733184814,0.44261351227760315,-0.03934362530708313
38,20,0.6838216781616211,0.4537702202796936,-0.022371329367160797
39,0,0.6583639979362488,0.5637800693511963,-1.5245257145579671e-07
39,1,0.6063873171806335,0.5467138290405273,-0.02184392139315605
39,2,0.5516959428787231,0.48902764916419983,-0.03624982386827469
39,3,0.5058404803276062,0.44906073808670044,-0.05226394161581993
39,4,0.4646056294441223,0.4338774085044861,-0.06755338609218597
39,5,0.5917088389396667,0.37889373302459717,-0.01618397794663906
39,6,0.592156708240509,0.2990903854370117,-0.04294932261109352
39,7,0.5930388569831848,0.2491718977689743,-0.053353361785411835
39,8,0.5963119864463806,0.20190352201461792,-0.058660149574279785
39,9,0.627471387386322,0.38672658801078796,-0.01878415420651436
39,10,0.6206194758415222,0.36191272735595703,-0.0526563934981823
39,11,0.6164253354072571,0.43908196687698364,-0.047954391688108444
39,12,0.6172657608985901,0.444281667470932,-0.035455573350191116
39,13,0.6648581027984619,0.3994517922401428,-0.026562655344605446
39,14,0.6596007347106934,0.37720173597335815,-0.06526854634284973
39,15,0.6507643461227417,0.4493118226528168,-0.04838632419705391
39,16,0.6491414904594421,0.4507202208042145,-0.02685338258743286
39,17,0.7010928392410278,0.414303719997406,-0.03596988320350647
39,18,0.6963726282119751,0.38746723532676697,-0.05597637966275215
39,19,0.684852123260498,0.44086769223213196,-0.04009140655398369
39,20,0.6838732957839966,0.45208388566970825,-0.022956587374210358
40,0,0.6619279384613037,0.5685468316078186,-1.4648055923771608e-07
40,1,0.6077448129653931,0.5539113283157349,-0.02247379906475544
40,2,0.551668643951416,0.49664434790611267,-0.03694440796971321
40,3,0.5048550367355347,0.4553110897541046,-0.05270734801888466
40,4,0.46340614557266235,0.43938514590263367,-0.067732073366642
40,5,0.5926212668418884,0.3844107389450073,-0.017579389736056328
40,6,0.5930583477020264,0.3001099228858948,-0.04444772005081177
40,7,0.5948888659477234,0.24885150790214539,-0.05546117573976517
40,8,0.5988410711288452,0.1992870420217514,-0.06140869855880737
40,9,0.630321741104126,0.3915426731109619,-0.02011357992887497
40,10,0.6260055303573608,0.36681845784187317,-0.05522247031331062
40,11,0.6229721903800964,0.4447629451751709,-0.05221335589885712
40,12,0.6232732534408569,0.4532145857810974,-0.04082491621375084
40,13,0.6686399579048157,0.4038698375225067,-0.027602210640907288
40,14,0.6647555828094482,0.38318657875061035,-0.0666707456111908
40,15,0.6572616696357727,0.4556363523006439,-0.05068099871277809
40,16,0.6550349593162537,0.458624005317688,-0.029819924384355545
40,17,0.7053048014640808,0.4180704355239868,-0.03669681027531624
40,18,0.7009130716323853,0.3921475112438202,-0.056593287736177444
40,19,0.6908419728279114,0.4463176131248474,-0.040691349655389786
40,20,0.6895158886909485,0.4578113257884979,-0.023565132170915604
41,0,0.663065493106842,0.5742235779762268,-1.4244245960526314e-07
41,1,0.6085120439529419,0.5585917234420776,-0.02295844256877899
41,2,0.5516225695610046,0.5011550188064575,-0.03861907497048378
41,3,0.5039243102073669,0.46046149730682373,-0.055604275315999985
41,4,0.461991548538208,0.4439759850502014,-0.0719643160700798
41,5,0.5939500331878662,0.38647690415382385,-0.019741876050829887
41,6,0.5937656164169312,0.3008307218551636,-0.04766727611422539
41,7,0.5947871208190918,0.2480970323085785,-0.05942041426897049
41,8,0.598246693611145,0.19784052670001984,-0.06595015525817871
41,9,0.632194459438324,0.3937198221683502,-0.02275906130671501
41,10,0.6264840960502625,0.3685120940208435,-0.05926055461168289
41,11,0.6233440041542053,0.4469512701034546,-0.05619088560342789
41,12,0.6243411898612976,0.4560537040233612,-0.04462342709302902
41,13,0.6712170243263245,0.4066096544265747,-0.03075891174376011
41,14,0.6657516956329346,0.3843538463115692,-0.07034453749656677
41,15,0.6585392951965332,0.4567648768424988,-0.053222108632326126
41,16,0.657490074634552,0.4600992798805237,-0.03164882957935333
41,17,0.7088453769683838,0.42195260524749756,-0.040514808148145676
41,18,0.7028934359550476,0.3938466012477875,-0.060578603297472
41,19,0.6927106976509094,0.44854745268821716,-0.04383699968457222
41,20,0.6924373507499695,0.4606476426124573,-0.026153920218348503
42,0,0.6656162142753601,0.5787926316261292,-1.393646726910447e-07
42,1,0.610995888710022,0.5628656148910522,-0.023196183145046234
42,2,0.5533782839775085,0.5037193894386292,-0.03920562192797661
42,3,0.5055879950523376,0.4623364806175232,-0.0565902516245842
42,4,0.4625667333602905,0.44646307826042175,-0.07327105104923248
42,5,0.5967656970024109,0.38549721240997314,-0.02009872905910015
42,6,0.5970961451530457,0.2986515164375305,-0.04881546273827553
42,7,0.5983818173408508,0.24429261684417725,-0.060636699199676514
42,8,0.6022524237632751,0.1935432255268097,-0.06690949201583862
42,9,0.6362971663475037,0.39423754811286926,-0.023217491805553436
42,10,0.6319078803062439,0.36867785453796387,-0.06004175916314125
42,11,0.6281594038009644,0.4496445059776306,-0.05619761347770691
42,12,0.628440797328949,0.4578103721141815,-0.04376208037137985
42,13,0.6766986846923828,0.4086057245731354,-0.03143547475337982
42,14,0.6722497344017029,0.3872002065181732,-0.07199602574110031
42,15,0.664155900478363,0.46108683943748474,-0.054458361119031906
42,16,0.6621530055999756,0.4636251628398895,-0.03227151930332184
42,17,0.7147925496101379,0.42557021975517273,-0.041331738233566284
42,18,0.7097913026809692,0.39780205488204956,-0.06202194467186928
42,19,0.6991320848464966,0.4535166323184967,-0.04473038390278816
42,20,0.6980793476104736,0.46546658873558044,-0.02639157883822918
43,0,0.672704815864563,0.5979117155075073,-6.959701437381227e-08
43,1,0.6156215071678162,0.5810348987579346,-0.029475202783942223
43,2,0.5525158643722534,0.5166290402412415,-0.05158845707774162
43,3,0.49777206778526306,0.4698118269443512,-0.07476484775543213
43,4,0.44979745149612427,0.44705548882484436,-0.0968974381685257
43,5,0.6006784439086914,0.3888225257396698,-0.027693336829543114
43,6,0.6016160845756531,0.293910950422287,-0.0641389787197113
43,7,0.6030037999153137,0.23017637431621552,-0.07986736297607422
43,8,0.6082422733306885,0.17365801334381104,-0.0879884883761406
43,9,0.6431223750114441,0.396247923374176,-0.03044000454246998
43,10,0.6367784142494202,0.3665379583835602,-0.07479841262102127
43,11,0.6306293606758118,0.4575929045677185,-0.0699482336640358
43,12,0.6317991614341736,0.46491050720214844,-0.05455834046006203
43,13,0.6876862049102783,0.4118211269378662,-0.03936612978577614
43,14,0.6840221881866455,0.3898656368255615,-0.0868825614452362
43,15,0.6741611957550049,0.4685335159301758,-0.06579314917325974
43,16,0.6731786727905273,0.46990397572517395,-0.039081133902072906
43,17,0.7301337122917175,0.4322853088378906,-0.050580162554979324
43,18,0.7263038754463196,0.40181228518486023,-0.07583414018154144
43,19,0.7137179970741272,0.46085572242736816,-0.05625512823462486
43,20,0.712505042552948,0.47292056679725647,-0.03474812209606171
44,0,0.6803848743438721,0.606636643409729,-9.164870817812698e-08
44,1,0.6191079616546631,0.5871021747589111,-0.030919920653104782
44,2,0.5536599159240723,0.5217954516410828,-0.054047971963882446
44,3,0.49735522270202637,0.474340558052063,-0.07816602289676666
44,4,0.4483940005302429,0.45009899139404297,-0.10120895504951477
44,5,0.6034625768661499,0.3852649927139282,-0.02974812313914299
44,6,0.6049152612686157,0.28709739446640015,-0.06598193198442459
44,7,0.6062591671943665,0.22215551137924194,-0.0810459777712822
44,8,0.6110077500343323,0.16457915306091309,-0.08871004730463028
44,9,0.6467832326889038,0.39576587080955505,-0.03203456103801727
44,10,0.643001139163971,0.36439308524131775,-0.07573441416025162
44,11,0.6362521052360535,0.45770347118377686,-0.07023771107196808
44,12,0.6344587802886963,0.4663112461566925,-0.05471315234899521
44,13,0.6927112936973572,0.4137563705444336,-0.04060010984539986
44,14,0.6907610893249512,0.38875314593315125,-0.08977009356021881
44,15,0.6802992820739746,0.4716414511203766,-0.06912439316511154
44,16,0.675858736038208,0.47485387325286865,-0.04248102009296417
44,17,0.7366028428077698,0.43583551049232483,-0.051327574998140335
44,18,0.7353148460388184,0.39927545189857483,-0.0780811607837677
44,19,0.7219192981719971,0.46208223700523376,-0.05840570479631424
44,20,0.7176862955093384,0.47752368450164795,-0.036690935492515564
45,0,0.6857025623321533,0.6134293079376221,-1.06109027342427e-07
45,1,0.6234263777732849,0.5928026437759399,-0.030985768884420395
45,2,0.5563521385192871,0.52437824010849,-0.05420834571123123
45,3,0.49834102392196655,0.47550690174102783,-0.07862383872270584
45,4,0.447087824344635,0.45106858015060425,-0.10205256938934326
45,5,0.6062269806861877,0.3837713599205017,-0.030234122648835182
45,6,0.607894241809845,0.28174084424972534,-0.0666821226477623
45,7,0.6099814772605896,0.21536439657211304,-0.08140483498573303
45,8,0.6161224842071533,0.1558140218257904,-0.08879725635051727
45,9,0.651298463344574,0.39508429169654846,-0.03262992575764656
45,10,0.6486804485321045,0.3629956543445587,-0.0764710009098053
45,11,0.6418280601501465,0.4584408104419708,-0.0701972097158432
45,12,0.6399441361427307,0.46593624353408813,-0.0543440505862236
45,13,0.6983047127723694,0.41325199604034424,-0.04136813431978226
45,14,0.6966807842254639,0.3871995210647583,-0.09046459943056107
45,15,0.6853440999984741,0.47272032499313354,-0.06854340434074402
45,16,0.68085777759552,0.475099116563797,-0.04133960232138634
45,17,0.7426872253417969,0.43493184447288513,-0.052344437688589096
45,18,0.7404487133026123,0.39797210693359375,-0.07825428992509842
45,19,0.7263761758804321,0.4635140001773834,-0.05742628127336502
45,20,0.7227158546447754,0.4794886112213135,-0.03517218306660652
46,0,0.706612765789032,0.6356215476989746,-5.458929663859635e-08
46,1,0.6360028982162476,0.6162646412849426,-0.03826773911714554
46,2,0.561022162437439,0.537955105304718,-0.065959632396698
46,3,0.4936017394065857,0.47820305824279785,-0.09430006891489029
46,4,0.4357762932777405,0.44602784514427185,-0.12172236293554306
46,5,0.6172325015068054,0.38498762249946594,-0.035705599933862686
46,6,0.6168851256370544,0.2685742974281311,-0.0800982266664505
46,7,0.6163673400878906,0.18929563462734222,-0.10055845230817795
46,8,0.6206037998199463,0.1209651529788971,-0.11165456473827362
46,9,0.6684253215789795,0.39216145873069763,-0.03785252571105957
46,10,0.6633350253105164,0.3504972457885742,-0.09179742634296417
46,11,0.6569778919219971,0.46037328243255615,-0.08786115050315857
46,12,0.6583684086799622,0.47565871477127075,-0.07064475119113922
46,13,0.7222166061401367,0.4097791612148285,-0.04734053090214729
46,14,0.720877468585968,0.37882402539253235,-0.10558958351612091
46,15,0.7090436816215515,0.4733803868293762,-0.08093404769897461
46,16,0.7056750655174255,0.48073112964630127,-0.04893842339515686
46,17,0.7734714150428772,0.4361262619495392,-0.05969822779297829
46,18,0.7729567885398865,0.3908514380455017,-0.09193217009305954
46,19,0.7580407857894897,0.4631672501564026,-0.06804526597261429
46,20,0.7529046535491943,0.4835681617259979,-0.0415024571120739
47,0,0.7176752686500549,0.6528883576393127,-9.430980441038628e-08
47,1,0.643322765827179,0.6295592784881592,-0.040197599679231644
47,2,0.5626842379570007,0.5456835031509399,-0.06941597908735275
47,3,0.4923088252544403,0.4818214178085327,-0.09976427257061005
47,4,0.43114173412323,0.44679009914398193,-0.1288614571094513
47,5,0.6209901571273804,0.3812260329723358,-0.034844715148210526
47,6,0.6218838691711426,0.26095205545425415,-0.0780741423368454
47,7,0.6230782866477966,0.17992907762527466,-0.09564109146595001
47,8,0.627996563911438,0.10988008975982666,-0.10468442738056183
47,9,0.6737553477287292,0.3920843005180359,-0.0371747724711895
47,10,0.6712623238563538,0.35002684593200684,-0.09077514708042145
47,11,0.6654996871948242,0.4653928875923157,-0.08386147022247314
47,12,0.6625475883483887,0.47846361994743347,-0.06433286517858505
47,13,0.7299137115478516,0.4123123288154602,-0.04749242216348648
47,14,0.7295590043067932,0.3785575330257416,-0.10680543631315231
47,15,0.7189313173294067,0.47975072264671326,-0.07960270345211029
47,16,0.7125779390335083,0.48709648847579956,-0.045753687620162964
47,17,0.7825137972831726,0.43973809480667114,-0.06098031997680664
47,18,0.7819185256958008,0.3917377293109894,-0.09403499215841293
47,19,0.7674967050552368,0.4689980745315552,-0.06932039558887482
47,20,0.7620450854301453,0.49068403244018555,-0.04209447652101517
48,0,0.7254654765129089,0.669248640537262,-1.0901042912792036e-07
48,1,0.6490898132324219,0.64459627866745,-0.04297143965959549
48,2,0.566247284412384,0.5592471957206726,-0.07433930039405823
48,3,0.4935009777545929,0.49145936965942383,-0.10684981197118759
48,4,0.4288021922111511,0.4528389573097229,-0.1380062699317932
48,5,0.6245128512382507,0.3844446539878845,-0.03806533291935921
48,6,0.6263900995254517,0.2582387626171112,-0.08353303372859955
48,7,0.6282880902290344,0.17488285899162292,-0.10255260020494461
48,8,0.6337997913360596,0.10268709063529968,-0.11252950876951218
48,9,0.6802324056625366,0.39737260341644287,-0.04047868400812149
48,10,0.6806206703186035,0.35364657640457153,-0.09905344247817993
48,11,0.6740248203277588,0.47242462635040283,-0.09471946209669113
48,12,0.6698785424232483,0.48667672276496887,-0.07631482183933258
48,13,0.7384829521179199,0.41919445991516113,-0.05096143111586571
48,14,0.7415468692779541,0.38204094767570496,-0.11530665308237076
48,15,0.7281690239906311,0.48844781517982483,-0.08852405101060867
48,16,0.7198001742362976,0.4991416931152344,-0.05384733900427818
48,17,0.7928570508956909,0.4482719302177429,-0.06467356532812119
48,18,0.7949269413948059,0.39818164706230164,-0.10104522109031677
48,19,0.778724193572998,0.4791411757469177,-0.07624571770429611
48,20,0.7715772986412048,0.503382682800293,-0.04809003323316574
49,0,0.737263023853302,0.6892086267471313,-1.3005019638967497e-07
49,1,0.6569027900695801,0.6634932160377502,-0.04310896620154381
49,2,0.5693358778953552,0.5739278197288513,-0.0748412162065506
49,3,0.49434661865234375,0.5028141140937805,-0.107892706990242
49,4,0.4283024072647095,0.463817834854126,-0.1397671401500702
49,5,0.6294799447059631,0.39463573694229126,-0.04095962271094322
49,6,0.6311354041099548,0.25899532437324524,-0.08793367445468903
49,7,0.6345768570899963,0.1716647446155548,-0.10895698517560959
49,8,0.6404300928115845,0.09544971585273743,-0.12082190066576004
49,9,0.6879388093948364,0.40641483664512634,-0.04414787143468857
49,10,0.6904133558273315,0.36371883749961853,-0.10713499039411545
49,11,0.6857048869132996,0.48666685819625854,-0.10528677701950073
49,12,0.680320680141449,0.5053936243057251,-0.08838896453380585
49,13,0.7481043934822083,0.42806968092918396,-0.05508293956518173
49,14,0.7519357800483704,0.3889710009098053,-0.12233302742242813
49,15,0.7398882508277893,0.49885496497154236,-0.09555632621049881
49,16,0.7301124334335327,0.5140513181686401,-0.060646723955869675
49,17,0.8036097288131714,0.45744699239730835,-0.06921038031578064
49,18,0.8067284822463989,0.4055286645889282,-0.107109934091568
49,19,0.7906726598739624,0.4889732003211975,-0.08181478828191757
49,20,0.7812869548797607,0.5156195759773254,-0.05313501134514809
50,0,0.7808204889297485,0.7611628770828247,-2.21628457808265e-08
50,1,0.691875159740448,0.739235520362854,-0.06538234651088715
50,2,0.5958795547485352,0.6430954933166504,-0.10796531289815903
50,3,0.5088692307472229,0.5690896511077881,-0.147750586271286
50,4,0.43260568380355835,0.5257411599159241,-0.1854512095451355
50,5,0.6608662009239197,0.4365703761577606,-0.06344092637300491
50,6,0.663806676864624,0.2787906527519226,-0.12166186422109604
50,7,0.6722883582115173,0.17689278721809387,-0.1493077576160431
50,8,0.6843628287315369,0.08925384283065796,-0.1644008606672287
50,9,0.7293069362640381,0.45036816596984863,-0.05948885902762413
50,10,0.7354157567024231,0.39148449897766113,-0.13828647136688232
50,11,0.728125810623169,0.5355252027511597,-0.13955119252204895
50,12,0.7236537337303162,0.5648828744888306,-0.11924616247415543
50,13,0.796119213104248,0.47679099440574646,-0.06527338922023773
50,14,0.8072963953018188,0.43510037660598755,-0.1491309255361557
50,15,0.7896648049354553,0.5617172718048096,-0.1236165314912796
50,16,0.7758758068084717,0.5791523456573486,-0.08349350839853287
50,17,0.8576865196228027,0.510358452796936,-0.07533369213342667
50,18,0.8689491748809814,0.45306846499443054,-0.12414095550775528
50,19,0.8512181043624878,0.544738233089447,-0.0978773981332779
50,20,0.8359226584434509,0.5735246539115906,-0.06465723365545273
51,0,0.7854784727096558,0.790593683719635,-8.282647456780978e-08
51,1,0.6950715780258179,0.7585946321487427,-0.05800090357661247
51,2,0.5988970994949341,0.6577832698822021,-0.09885217994451523
51,3,0.5136124491691589,0.5764186382293701,-0.1396184265613556
51,4,0.43728145956993103,0.5285450220108032,-0.1784621924161911
51,5,0.6665006279945374,0.44359147548675537,-0.05879353731870651
51,6,0.6718491911888123,0.28130170702934265,-0.1183822974562645
51,7,0.6818463802337646,0.17916011810302734,-0.1464463472366333
51,8,0.693283200263977,0.08698087930679321,-0.16207583248615265
51,9,0.7367352247238159,0.45851290225982666,-0.05970406159758568
51,10,0.7505569458007812,0.4071778655052185,-0.1416231244802475
51,11,0.7433826327323914,0.5536104440689087,-0.14554625749588013
51,12,0.7300559878349304,0.5799591541290283,-0.12803132832050323
51,13,0.8067015409469604,0.48580363392829895,-0.06949910521507263
51,14,0.8223426342010498,0.4454267919063568,-0.15560686588287354
51,15,0.8053699731826782,0.5759363174438477,-0.12952357530593872
51,16,0.7860750555992126,0.5957919955253601,-0.08960003405809402
51,17,0.8694224953651428,0.5196675658226013,-0.08304601162672043
51,18,0.8853076696395874,0.4630233943462372,-0.13200117647647858
51,19,0.8653832674026489,0.5593451857566833,-0.10512302815914154
51,20,0.8459425568580627,0.5904280543327332,-0.07167721539735794
52,0,0.7922375202178955,0.8072412014007568,-7.889470765576334e-08
52,1,0.6997160911560059,0.7709983587265015,-0.06362314522266388
52,2,0.6031503081321716,0.6706512570381165,-0.10875916481018066
52,3,0.5147848725318909,0.591275155544281,-0.1533384472131729
52,4,0.43730655312538147,0.5386298298835754,-0.19578669965267181
52,5,0.6713018417358398,0.4517242908477783,-0.06465411186218262
52,6,0.6747246980667114,0.28498387336730957,-0.12543143332004547
52,7,0.6845502853393555,0.18005716800689697,-0.15350252389907837
52,8,0.6953046321868896,0.08677491545677185,-0.16921457648277283
52,9,0.7424150705337524,0.4666216969490051,-0.06346794962882996
52,10,0.7564231753349304,0.41434621810913086,-0.1479354053735733
52,11,0.7479135394096375,0.5623607635498047,-0.15166611969470978
52,12,0.7317532300949097,0.5902817249298096,-0.13367755711078644
52,13,0.8141090869903564,0.49363061785697937,-0.07172662019729614
52,14,0.8301519751548767,0.453214168548584,-0.1613101363182068
52,15,0.8125587105751038,0.5869662165641785,-0.13556644320487976
52,16,0.7899907231330872,0.6064875721931458,-0.09527447074651718
52,17,0.878987729549408,0.5261205434799194,-0.08413663506507874
52,18,0.8950682878494263,0.4663887619972229,-0.13588924705982208
52,19,0.8738898634910583,0.5657187104225159,-0.10978881269693375
52,20,0.8525193333625793,0.5976696014404297,-0.07673739641904831
53,0,0.799187958240509,0.8193246126174927,-5.4345587585657995e-08
53,1,0.7048299908638,0.7840256690979004,-0.06658125668764114
53,2,0.6051905155181885,0.6810251474380493,-0.11404518038034439
53,3,0.5137513279914856,0.5964855551719666,-0.16097216308116913
53,4,0.43267548084259033,0.5406778454780579,-0.20597240328788757
53,5,0.6796123385429382,0.45549237728118896,-0.06945064663887024
53,6,0.6854222416877747,0.27880173921585083,-0.13322868943214417
53,7,0.6965194940567017,0.17060893774032593,-0.1633940488100052
53,8,0.7085766196250916,0.07266297936439514,-0.18050280213356018
53,9,0.7540550827980042,0.4684561789035797,-0.06756146997213364
53,10,0.773879885673523,0.41645461320877075,-0.1577959954738617
53,11,0.7633876204490662,0.5701298713684082,-0.16436025500297546
53,12,0.7434601187705994,0.6011415719985962,-0.14735610783100128
53,13,0.8280608057975769,0.4947385787963867,-0.0748845562338829
53,14,0.8487182855606079,0.45235687494277954,-0.1692785620689392
53,15,0.829186201095581,0.5900790095329285,-0.14373448491096497
53,16,0.803187906742096,0.6144109964370728,-0.1025695726275444
53,17,0.893351137638092,0.5272727608680725,-0.0863317921757698
53,18,0.9150652885437012,0.46722206473350525,-0.14146898686885834
53,19,0.8916919827461243,0.5711279511451721,-0.11472101509571075
53,20,0.865813136100769,0.6077365875244141,-0.08021707832813263
54,0,0.7995405197143555,0.8243685960769653,-7.912877464377743e-08
54,1,0.7062347531318665,0.7851063013076782,-0.0733373612165451
54,2,0.609504759311676,0.683812141418457,-0.12433619797229767
54,3,0.5187293291091919,0.6009172797203064,-0.17397445440292358
54,4,0.43803486227989197,0.5438476800918579,-0.22108834981918335
54,5,0.68287193775177,0.45546314120292664,-0.07420159876346588
54,6,0.6866509318351746,0.2821124196052551,-0.13865545392036438
54,7,0.6966884732246399,0.17323237657546997,-0.16569015383720398
54,8,0.7080569863319397,0.07573902606964111,-0.179452583193779
54,9,0.7552968859672546,0.47101929783821106,-0.06845369935035706
54,10,0.7765626311302185,0.4199632406234741,-0.1539684683084488
54,11,0.7650168538093567,0.5739086866378784,-0.15278208255767822
54,12,0.7425998449325562,0.5968073010444641,-0.13074392080307007
54,13,0.8285689949989319,0.4981825351715088,-0.07349929958581924
54,14,0.8516577482223511,0.45692557096481323,-0.1675163060426712
54,15,0.8306424617767334,0.5979734063148499,-0.1394989788532257
54,16,0.8018487691879272,0.6156644225120544,-0.09657814353704453
54,17,0.8945913910865784,0.5298947095870972,-0.08336448669433594
54,18,0.9176260232925415,0.46859174966812134,-0.1395547091960907
54,19,0.8950742483139038,0.57346111536026,-0.11351197212934494
54,20,0.8708140254020691,0.608174741268158,-0.07946254312992096
55,0,0.7982549071311951,0.8188364505767822,-1.0116863080611438e-07
55,1,0.7076829671859741,0.7788112163543701,-0.07114078104496002
55,2,0.6127561926841736,0.6791329979896545,-0.12144826352596283
55,3,0.5222252607345581,0.5980095267295837,-0.1702563315629959
55,4,0.44214776158332825,0.5422577857971191,-0.21646983921527863
55,5,0.6841177344322205,0.4567127525806427,-0.07729808241128922
55,6,0.6867551207542419,0.28420913219451904,-0.14309675991535187
55,7,0.6961508393287659,0.17480096220970154,-0.16969384253025055
55,8,0.7075088620185852,0.07648828625679016,-0.18228809535503387
55,9,0.7546584606170654,0.46974292397499084,-0.07084564864635468
55,10,0.7710620164871216,0.4198942184448242,-0.1525276005268097
55,11,0.7587894797325134,0.5719249248504639,-0.14605219662189484
55,12,0.7389443516731262,0.5922752618789673,-0.12107989937067032
55,13,0.8271225094795227,0.4962998330593109,-0.07526949048042297
55,14,0.8480119705200195,0.46084216237068176,-0.1677195429801941
55,15,0.8258270025253296,0.5990845561027527,-0.13905560970306396
55,16,0.798640251159668,0.6096854209899902,-0.09614075720310211
55,17,0.8933643102645874,0.5262510776519775,-0.08405902236700058
55,18,0.9138686656951904,0.47023919224739075,-0.1375875324010849
55,19,0.8896071910858154,0.5744865536689758,-0.11079413443803787
55,20,0.8664069175720215,0.6058915853500366,-0.07720997184515
56,0,0.7929348945617676,0.8095909953117371,-1.0117969395651016e-07
56,1,0.7040258646011353,0.7684611082077026,-0.06708548963069916
56,2,0.610698938369751,0.6664592623710632,-0.11332771927118301
56,3,0.5218579769134521,0.589026689529419,-0.1584208756685257
56,4,0.4449494481086731,0.5363042950630188,-0.20168165862560272
56,5,0.682284951210022,0.45282986760139465,-0.07170429080724716
56,6,0.6845353245735168,0.2857341170310974,-0.13143551349639893
56,7,0.6943791508674622,0.1816156804561615,-0.15717314183712006
56,8,0.7053704261779785,0.0872454047203064,-0.17128537595272064
56,9,0.7519115805625916,0.46433597803115845,-0.06712527573108673
56,10,0.7652962803840637,0.41551142930984497,-0.14762555062770844
56,11,0.7542640566825867,0.5606226921081543,-0.14689475297927856
56,12,0.736420214176178,0.5868593454360962,-0.12702682614326477
56,13,0.8230643272399902,0.49102890491485596,-0.07222458720207214
56,14,0.8393688201904297,0.456352174282074,-0.15981952846050262
56,15,0.8191430568695068,0.5878608226776123,-0.13420280814170837
56,16,0.7948936820030212,0.6032617688179016,-0.09501765668392181
56,17,0.8871264457702637,0.5231945514678955,-0.08171865344047546
56,18,0.9049282670021057,0.4664187431335449,-0.1331256628036499
56,19,0.8816975355148315,0.5653197169303894,-0.10866996645927429
56,20,0.8600032925605774,0.5973892211914062,-0.0776747539639473
57,0,0.7548518776893616,0.7287917733192444,-2.4572764800723235e-07
57,1,0.6765403747558594,0.691326379776001,-0.039206743240356445
57,2,0.595919132232666,0.5994008779525757,-0.06501425802707672
57,3,0.5262270569801331,0.5321949124336243,-0.09210869669914246
57,4,0.46301084756851196,0.4935503602027893,-0.11906928569078445
57,5,0.6590386033058167,0.429161012172699,-0.045263126492500305
57,6,0.659428060054779,0.2838130593299866,-0.08142127841711044
57,7,0.6642522811889648,0.2077237367630005,-0.09942490607500076
57,8,0.668700635433197,0.13319510221481323,-0.11261472851037979
57,9,0.7167890667915344,0.43682408332824707,-0.046972326934337616
57,10,0.7212542295455933,0.3998231589794159,-0.10386870056390762
57,11,0.7105919122695923,0.5070183873176575,-0.11056181788444519
57,12,0.7020805478096008,0.5429018139839172,-0.10534420609474182
57,13,0.7725599408149719,0.45913517475128174,-0.05374307185411453
57,14,0.7789593935012817,0.41735729575157166,-0.11576003581285477
57,15,0.760055661201477,0.5217233896255493,-0.10042071342468262
57,16,0.7470421195030212,0.5518274307250977,-0.07716796547174454
57,17,0.825282871723175,0.48875266313552856,-0.06278984993696213
57,18,0.8344959616661072,0.4269794225692749,-0.09992700070142746
57,19,0.8132541179656982,0.5058802366256714,-0.08261194825172424
57,20,0.7993362545967102,0.5461589694023132,-0.06223747134208679
58,0,0.7475731372833252,0.706269383430481,-2.867849104859488e-07
58,1,0.6765737533569336,0.6698490977287292,-0.041114334017038345
58,2,0.5992981195449829,0.5810049176216125,-0.06793085485696793
58,3,0.5314052104949951,0.5176752805709839,-0.09545668214559555
58,4,0.472795307636261,0.47939565777778625,-0.12129749357700348
58,5,0.6521074771881104,0.424002468585968,-0.04053383320569992
58,6,0.6490711569786072,0.3014487028121948,-0.0824713185429573
58,7,0.6499786376953125,0.2297554314136505,-0.10121486335992813
58,8,0.6528276801109314,0.15830513834953308,-0.11262625455856323
58,9,0.7059391140937805,0.42820197343826294,-0.04151713103055954
58,10,0.7091158628463745,0.4015793204307556,-0.0964820384979248
58,11,0.7028388381004333,0.5067476630210876,-0.0965186282992363
58,12,0.6963213086128235,0.5200337767601013,-0.08494675904512405
58,13,0.761035680770874,0.44570088386535645,-0.04963633790612221
58,14,0.7651742696762085,0.42103245854377747,-0.10953041911125183
58,15,0.7523008584976196,0.5195838212966919,-0.08942654728889465
58,16,0.7429779767990112,0.5271002650260925,-0.06221892684698105
58,17,0.8142178058624268,0.4709227681159973,-0.061005257070064545
58,18,0.8201981782913208,0.42744219303131104,-0.09471862763166428
58,19,0.8031059503555298,0.5026599168777466,-0.07514853030443192
58,20,0.7923416495323181,0.5278744101524353,-0.05275348946452141
59,0,0.7388894557952881,0.6749770641326904,-2.4966354317257355e-07
59,1,0.668714165687561,0.6405323147773743,-0.035194627940654755
59,2,0.5954442024230957,0.5582180023193359,-0.057985223829746246
59,3,0.5320621728897095,0.5005373954772949,-0.08181609213352203
59,4,0.4779077172279358,0.4628232419490814,-0.10404837876558304
59,5,0.648258626461029,0.4125528037548065,-0.03281170129776001
59,6,0.6459326148033142,0.302266001701355,-0.07227998226881027
59,7,0.645666241645813,0.23640400171279907,-0.09113536775112152
59,8,0.6468803882598877,0.17444148659706116,-0.1023724302649498
59,9,0.6989791393280029,0.41848576068878174,-0.03432603180408478
59,10,0.6983351707458496,0.39069491624832153,-0.08367995917797089
59,11,0.6923621892929077,0.49353691935539246,-0.08295897394418716
59,12,0.6870813369750977,0.505613386631012,-0.07161595672369003
59,13,0.750914454460144,0.43550002574920654,-0.04255359247326851
59,14,0.7540470361709595,0.4076356887817383,-0.0982404500246048
59,15,0.7413098216056824,0.5025507211685181,-0.07932856678962708
59,16,0.7325612306594849,0.5098570585250854,-0.0533965565264225
59,17,0.8000776171684265,0.46064046025276184,-0.0533704049885273
59,18,0.8057677149772644,0.41853225231170654,-0.08491594344377518
59,19,0.7891703248023987,0.48893439769744873,-0.06589557230472565
59,20,0.779268205165863,0.5108311176300049,-0.044159095734357834
60,0,0.7208031415939331,0.6141020059585571,-2.436387944726448e-07
60,1,0.6583827137947083,0.5779303312301636,-0.023313555866479874
60,2,0.5988405346870422,0.5086859464645386,-0.03763152286410332
60,3,0.5472984910011292,0.4564596116542816,-0.05387086421251297
60,4,0.503262460231781,0.4237362742424011,-0.06881754845380783
60,5,0.6451488733291626,0.3908914625644684,-0.016221588477492332
60,6,0.6454411745071411,0.29268741607666016,-0.04142158105969429
60,7,0.6471099853515625,0.242151141166687,-0.052939094603061676
60,8,0.6486629247665405,0.1908215582370758,-0.06070318818092346
60,9,0.6856849193572998,0.39903968572616577,-0.019027449190616608
60,10,0.6809033751487732,0.3711801767349243,-0.05598678067326546
60,11,0.6756521463394165,0.4529843032360077,-0.05671486258506775
60,12,0.6738433241844177,0.4647611081600189,-0.04970864951610565
60,13,0.7264047265052795,0.4134731888771057,-0.02671225741505623
60,14,0.7242666482925415,0.3851620554924011,-0.06872063130140305
60,15,0.7123799920082092,0.46517056226730347,-0.05435521528124809
60,16,0.7065201997756958,0.4738822281360626,-0.03524390608072281
60,17,0.7656161189079285,0.43146395683288574,-0.03609447553753853
60,18,0.7668935060501099,0.391802042722702,-0.05897726118564606
60,19,0.7512741088867188,0.4521772861480713,-0.04384647682309151
60,20,0.743572473526001,0.47410500049591064,-0.02746833860874176
61,0,0.7126497030258179,0.5961013436317444,-2.0854216131738212e-07
61,1,0.6555169224739075,0.5670539736747742,-0.028535475954413414
61,2,0.5966616272926331,0.5026071667671204,-0.04523105546832085
61,3,0.5465152263641357,0.4518004059791565,-0.06295465677976608
61,4,0.5053654909133911,0.4182192385196686,-0.07857930660247803
61,5,0.6399822235107422,0.38649019598960876,-0.018128905445337296
61,6,0.642673134803772,0.29828745126724243,-0.04755600914359093
61,7,0.6444287896156311,0.2487962245941162,-0.058343298733234406
61,8,0.6490485072135925,0.19796933233737946,-0.06360512226819992
61,9,0.678688108921051,0.3965901732444763,-0.018828021362423897
61,10,0.6727946996688843,0.36995363235473633,-0.05683670938014984
61,11,0.6677764058113098,0.45303815603256226,-0.05297301709651947
61,12,0.6687349081039429,0.4551025629043579,-0.040276989340782166
61,13,0.7182573676109314,0.40921610593795776,-0.025933271273970604
61,14,0.7139384150505066,0.3853600025177002,-0.06871270388364792
61,15,0.7046887874603271,0.4624894857406616,-0.05121460184454918
61,16,0.703285276889801,0.4601275622844696,-0.02808717079460621
61,17,0.7575033903121948,0.42364805936813354,-0.03553609177470207
61,18,0.7539602518081665,0.39182549715042114,-0.05761842057108879
61,19,0.7430999279022217,0.4472089409828186,-0.04130088537931442
61,20,0.7432854175567627,0.45884743332862854,-0.022904932498931885
62,0,0.7038217186927795,0.5790015459060669,-1.9410117602092214e-07
62,1,0.6502245664596558,0.5563494563102722,-0.02642209641635418
62,2,0.5932804346084595,0.49612611532211304,-0.04369140788912773
62,3,0.5450729727745056,0.4489881992340088,-0.06224874034523964
62,4,0.5055760741233826,0.41847488284111023,-0.07946109026670456
62,5,0.6373400688171387,0.384799599647522,-0.01980871707201004
62,6,0.637959897518158,0.30062347650527954,-0.048141539096832275
62,7,0.638805627822876,0.25182390213012695,-0.05898275971412659
62,8,0.6424302458763123,0.20375525951385498,-0.06477806717157364
62,9,0.6747103929519653,0.39413774013519287,-0.021257173269987106
62,10,0.6673502922058105,0.3678675591945648,-0.0583094097673893
62,11,0.6635211110115051,0.44833633303642273,-0.055018868297338486
62,12,0.6641762852668762,0.45208635926246643,-0.04328516870737076
62,13,0.7132272124290466,0.4053184390068054,-0.02831329219043255
62,14,0.7070192694664001,0.38070976734161377,-0.06930912286043167
62,15,0.6998189687728882,0.4561070203781128,-0.051107265055179596
62,16,0.6989769339561462,0.45671194791793823,-0.02828451618552208
62,17,0.7506393194198608,0.4183247685432434,-0.03766234219074249
62,18,0.7448927164077759,0.38553640246391296,-0.05995932221412659
62,19,0.7360014319419861,0.44088801741600037,-0.04371211305260658
62,20,0.7378429174423218,0.45334944128990173,-0.02563040889799595
63,0,0.6995056867599487,0.5719224214553833,-1.8261978596001427e-07
63,1,0.6466382741928101,0.5490193367004395,-0.026400581002235413
63,2,0.5907428860664368,0.4914190471172333,-0.042598657310009
63,3,0.5433788895606995,0.4461783170700073,-0.05934753268957138
63,4,0.5046246647834778,0.4186033308506012,-0.07441958039999008
63,5,0.6335510015487671,0.3828253746032715,-0.018624169752001762
63,6,0.63353431224823,0.3030295968055725,-0.045326702296733856
63,7,0.6338082551956177,0.25554659962654114,-0.055392418056726456
63,8,0.6360102295875549,0.20928999781608582,-0.06048755720257759
63,9,0.6692326068878174,0.39215636253356934,-0.018931515514850616
63,10,0.6630566716194153,0.36508139967918396,-0.05193602666258812
63,11,0.6600474119186401,0.44234082102775574,-0.04723691940307617
63,12,0.6600679159164429,0.4461771845817566,-0.03522726893424988
63,13,0.7063087821006775,0.4027113616466522,-0.024934427812695503
63,14,0.702073335647583,0.3769089877605438,-0.06256123632192612
63,15,0.6957764625549316,0.44946974515914917,-0.04479631781578064
63,16,0.6943773031234741,0.4505581259727478,-0.023012813180685043
63,17,0.7425140738487244,0.4155769646167755,-0.033264148980379105
63,18,0.7390540838241577,0.38165417313575745,-0.05308650806546211
63,19,0.730313241481781,0.43552982807159424,-0.03698553144931793
63,20,0.7308539152145386,0.4492744207382202,-0.01958247646689415
64,0,0.6962386965751648,0.5404145121574402,-1.7896768156333565e-07
64,1,0.6427473425865173,0.5215227603912354,-0.021775884553790092
64,2,0.589407205581665,0.4719180166721344,-0.03336575999855995
64,3,0.5449045300483704,0.43229424953460693,-0.04569787159562111
64,4,0.5105383396148682,0.4076407253742218,-0.05661953613162041
64,5,0.6272505521774292,0.374087929725647,-0.0122662503272295
64,6,0.6236668825149536,0.297171026468277,-0.03310812637209892
64,7,0.6237965226173401,0.25631609559059143,-0.04206929728388786
64,8,0.625078558921814,0.21366800367832184,-0.047605302184820175
64,9,0.6616096496582031,0.3803686797618866,-0.013028636574745178
64,10,0.6548701524734497,0.3531436324119568,-0.04287693649530411
64,11,0.6537786722183228,0.42373305559158325,-0.04202127456665039
64,12,0.6558070778846741,0.4342500865459442,-0.03411642834544182
64,13,0.6959939002990723,0.3885911703109741,-0.018375756219029427
64,14,0.6917255520820618,0.3618830740451813,-0.05243272706866264
64,15,0.6856629848480225,0.43156304955482483,-0.03878091275691986
64,16,0.684941291809082,0.44051796197891235,-0.02098148502409458
64,17,0.7290933728218079,0.3994125425815582,-0.025502903386950493
64,18,0.7272474765777588,0.3660013973712921,-0.04486965760588646
64,19,0.7180761098861694,0.4177917540073395,-0.031897783279418945
64,20,0.7165621519088745,0.43679964542388916,-0.017256740480661392
65,0,0.6977869272232056,0.540833592414856,-1.8541530266702466e-07
65,1,0.6449979543685913,0.5225785970687866,-0.020895132794976234
65,2,0.5927168726921082,0.4724058508872986,-0.033120907843112946
65,3,0.5483541488647461,0.43128326535224915,-0.04649287089705467
65,4,0.5125479698181152,0.4062165319919586,-0.058478422462940216
65,5,0.6283642053604126,0.3704870641231537,-0.009925108402967453
65,6,0.6264004111289978,0.2987223267555237,-0.034890610724687576
65,7,0.6258991360664368,0.25627627968788147,-0.04577181860804558
65,8,0.6269098520278931,0.21203209459781647,-0.05142077058553696
65,9,0.6621785163879395,0.3785606920719147,-0.01154189370572567
65,10,0.6558157801628113,0.34760889410972595,-0.04256056994199753
65,11,0.656200647354126,0.42122095823287964,-0.03984352946281433
65,12,0.6563720107078552,0.4287269711494446,-0.02929224632680416
65,13,0.6966016292572021,0.3866426646709442,-0.01845637708902359
65,14,0.6923335790634155,0.35912027955055237,-0.05331180617213249
65,15,0.68796706199646,0.42998194694519043,-0.037846993654966354
65,16,0.685462474822998,0.43428558111190796,-0.018030012026429176
65,17,0.7298709154129028,0.39590883255004883,-0.027156447991728783
65,18,0.7269859313964844,0.36630985140800476,-0.04528922215104103
65,19,0.7195718288421631,0.41965627670288086,-0.03092258982360363
65,20,0.7186642289161682,0.43322262167930603,-0.015189040452241898
66,0,0.697561502456665,0.5393547415733337,-1.4513261703541502e-07
66,1,0.6460471153259277,0.5206370949745178,-0.023509662598371506
66,2,0.5942753553390503,0.4707551896572113,-0.03747212514281273
66,3,0.5504308938980103,0.4301638901233673,-0.05203346163034439
66,4,0.5146073698997498,0.40427976846694946,-0.06471741944551468
66,5,0.6283730864524841,0.36807677149772644,-0.013035356998443604
66,6,0.627039909362793,0.29703354835510254,-0.03868607431650162
66,7,0.6277536749839783,0.25420141220092773,-0.04868423193693161
66,8,0.6304329037666321,0.2105391025543213,-0.053240153938531876
66,9,0.662240207195282,0.3758893609046936,-0.013471214100718498
66,10,0.6574161052703857,0.34567829966545105,-0.04349985718727112
66,11,0.6574166417121887,0.4196754992008209,-0.038260117173194885
66,12,0.6568126082420349,0.42311689257621765,-0.02593277022242546
66,13,0.6969954967498779,0.3838520050048828,-0.01963850110769272
66,14,0.6943298578262329,0.3582242429256439,-0.05425439029932022
66,15,0.6896583437919617,0.4283314347267151,-0.037551119923591614
66,16,0.686680018901825,0.4289863407611847,-0.016938434913754463
66,17,0.7302485108375549,0.393232524394989,-0.02785433642566204
66,18,0.7281835079193115,0.36605075001716614,-0.04584811255335808
66,19,0.7205937504768372,0.41862690448760986,-0.031147390604019165
66,20,0.7194457054138184,0.43015047907829285,-0.015153391286730766
